"","Zonal.Winds","Meridional.Winds","Humidity","Air.Temp","Sea.Surface.Temp"
"1017",-6.2,0.2,78.1,24.96,25.18
"679",-3.7,0.9,90.2,25.26,25.59
"2177",-0.1,-5.8,82.4,28,29.22
"930",-4.3,2.2,78.6,24.78,25.5
"1533",-6.4,-0.9,81.4,25.86,25.97
"471",-5,0.9,80.2,26.91,27.3
"270",-3.2,3.5,79.2,27.28,27.62
"1211",-6.7,-0.4,80.3,25.48,25.89
"597",-3.6,-2.6,80,28.13,28.65
"1301",-6.9,4.2,77.3,26.59,26.93
"1974",-6.9,0.2,85.8,25.42,25.73
"330",-6.3,0.8,82.9,26.63,27.01
"1799",-8.6,-0.6,76.4,24.59,25.24
"1615",-4.9,2.2,84.5,24.26,24.49
"1749",-6,-0.5,81.3,26.05,26.43
"37",-6,1.3,84.3,27.07,26.92
"1129",-5.8,-0.5,79.5,26.57,26.79
"729",-5.8,-1.8,90,23.85,24.19
"878",-5.1,-0.5,84.3,24.08,24.31
"485",-8.2,-0.4,78.6,27.9,27.93
"1826",-6.7,0.7,80.4,24.88,25.11
"975",-7.9,1.7,74.5,26.12,26.86
"554",-7.9,-2.1,75.4,28.2,28.37
"1446",-6.5,-1.5,82.4,26.21,26.46
"2159",-3.1,-6.3,81.7,28.08,29.53
"1948",-7.9,-0.9,79.7,24.93,25.08
"1530",-5.4,-0.2,83.8,25.8,25.91
"343",-4.9,-0.7,85.6,25.85,26.47
"40",-5.7,-0.3,83.1,26.46,26.45
"537",-6.2,0.2,77.4,28.3,28.47
"248",-8.3,0.4,83.7,26.64,26.36
"1222",-7.4,-0.1,76.4,25.93,26.62
"2087",-0.9,3.7,73.9,28.6,29.92
"1414",-2.5,-2.4,86.9,25.53,26.05
"1304",-4.5,3.6,77.8,26.33,27.14
"1696",-6,-1.2,84.1,24.39,24.28
"526",-4.3,-1.4,77.1,27.69,28.26
"1069",-2,-1.8,80.1,26.13,26.96
"1426",-6.4,0.7,83.2,25.96,26.1
"22",-5.8,1,83.1,27.24,27.21
"1742",-8.1,-1.6,78.4,26.2,26.15
"1766",-6.8,1.4,83.3,25.11,25.3
"1395",-6.5,0.7,81.5,26.34,26.62
"1128",-5.9,-1.5,81.6,26.47,26.68
"983",-8.4,2.6,77.1,26.15,26.15
"1791",-8.3,-0.6,77.8,24.86,25.42
"1516",-5.7,0,80.5,25.79,26.01
"1640",-4.8,1.3,90.2,22.51,22.59
"1639",-5.1,-0.3,89.7,22.32,22.41
"843",-6.2,0.3,82.8,24.58,25.27
"996",-5.9,0.2,86.1,24.44,24.47
"1549",-7.2,-1.1,80.2,25.6,26.33
"1200",-5.4,-1.1,85.5,25.16,25.81
"1134",-6.2,0.7,81.1,26.94,26.97
"84",-6.9,1.8,81.1,26.55,26.74
"1895",-7.2,0.8,86.1,24.54,24.55
"1165",-6.8,-0.6,81.5,26.08,26.28
"2273",-2.2,0.9,88.1,27.67,28.29
"1328",-4.1,-1.3,74.6,26.73,27.39
"1685",-8.9,-1.7,78.8,24.07,23.96
"287",-5.8,-1,84.5,27.22,27.37
"1522",-5,0.1,83.3,25.65,26.2
"858",-4.2,-0.1,83.5,24.44,24.91
"1840",-6,-0.2,83.4,24.38,24.64
"576",-3.6,-2.1,80.6,28.05,28.57
"990",-7.8,-0.9,78.3,25.23,25.7
"316",-5.8,-0.6,80.9,27.18,27.56
"1075",-5.8,-0.2,81.1,26.17,26.78
"733",-5.7,-2.2,83.2,24.04,24.15
"1314",-6.2,-0.2,74.8,26.47,26.98
"2296",-5.4,-0.7,86.1,23.66,23.61
"811",-5.6,2.5,79.1,27.06,27.96
"955",-4.1,-1.8,78.2,25.16,25.7
"1167",-3.5,-0.5,89.5,25.63,26.19
"1706",-7.3,-2.1,83.3,23.68,23.54
"501",-7.2,2.2,75.6,27.67,28.05
"536",-5.1,-0.4,79.1,28.08,28.48
"988",-7.5,-1.6,77.1,25.5,26.2
"1067",-4.6,1.5,88.4,24.92,24.99
"1025",-4.1,1.7,87.9,24.44,24.56
"29",-6.4,0,82.6,26.73,26.86
"1942",-7.2,-0.6,79.3,25.11,25.2
"838",-6.8,-2.4,85.2,24.88,25.31
"1820",-4.3,-1.5,85.7,24.01,24.56
"1652",-5.9,-1.8,81.7,23.61,24.38
"1317",-4.6,3,75.9,26.55,26.96
"573",-3.6,-1,79.8,27,27.99
"1966",-6.7,-1.1,84.8,25.07,25.67
"369",-8.1,0.2,87.3,25.86,26.13
"86",-6.8,3.1,76.6,26.54,26.75
"1507",-2.7,1.1,84.9,25.5,25.75
"1646",-6.4,-1.3,81.3,23.76,23.97
"355",-7.8,-1.5,81.8,26.4,26.93
"1843",-6.4,0.3,80.7,24.61,24.84
"1073",-5.8,-2.4,80.8,26.39,26.61
"361",-9.3,-0.1,83.8,26.33,26.59
"1340",-8.6,1.6,76.6,26.98,27.33
"1266",-4,0.6,78.9,25.15,26.03
"1841",-5.7,-1.5,84.6,24.47,24.63
"247",-8.6,-0.2,82,26.5,26.24
"219",-7.4,0,82.7,26.11,26.02
"135",-6.4,0.3,84.2,24.77,24.87
"111",-6.2,0.8,81.2,26.06,26.25
"532",-2.2,-3.7,80.6,27.23,28.43
"1589",-6.3,1.1,84.8,23.72,23.91
"912",-4.8,3.2,78.5,25.96,26.25
"2178",-2.9,-6.3,76.5,28.4,29.06
"2232",-4.4,-4,82.1,27.64,28.27
"1836",-6.5,-0.6,79.2,24.2,24.96
"359",-6.2,2.7,85.2,26.31,26.6
"1148",-3,1.8,83.6,26.57,27.08
"1101",-4,0.7,82.5,26.29,26.8
"1242",-6.9,-0.3,84.4,25.48,25.57
"1218",-3.6,1.3,82.1,25.83,26.32
"19",-4.6,2.3,83,27.33,27.32
"273",-4.8,0.6,85.3,27.27,27.77
"418",-6.4,1.9,82,26.46,27
"1995",-3,1.8,82.3,26.72,27.41
"1567",-5.3,2.9,82.7,24.95,25.23
"867",-4.5,2.8,80.2,24.65,25.51
"686",-3.4,0.2,83.4,25.46,26.14
"403",-6.2,-0.7,83.1,25.7,26.41
"1611",-7.3,1.1,80.7,24.52,25.04
"1040",-6.3,-1.3,80.9,25.24,25.5
"1064",-5.6,0.4,88.9,24.92,25.05
"1801",-6.7,1.2,79.7,24.31,24.84
"818",-4.9,0.6,75.6,26.71,27.39
"634",-4,-0.3,84.7,27.61,27.72
"664",-4.8,0.1,84.9,25.38,25.84
"719",-6.8,0.8,86.1,24.21,24.79
"500",-7.1,-0.8,74,27.62,28.09
"423",-7.3,0,86,26.66,27.1
"421",-2.6,4.1,78.3,26.37,26.97
"989",-7.3,-1.1,76.4,25.37,25.9
"140",-4.6,1.1,86.2,24.99,25.27
"126",-6.3,2.3,88.8,25.02,25.26
"998",-5,0,86,24.51,24.42
"2168",-3.9,-4.3,81.3,28.28,29.07
"1154",-5.5,-1.8,79.7,26.62,27.59
"1536",-5.5,0.7,83.7,25.6,25.91
"504",-7.5,0,75.7,27.35,27.88
"1481",-4.9,1.5,85.6,25.99,26.27
"358",-5.6,2.4,88.7,25.98,26.55
"785",-6.8,1.8,81,27.63,27.76
"1572",-6.7,-0.5,85.7,24.53,24.57
"305",-2.5,2.6,80.4,27.01,28.22
"1833",-6.3,0.6,78.6,24.64,25.44
"981",-8.1,0.5,76,25.95,25.94
"129",-5.7,0.1,84.1,24.72,24.96
"309",-4.5,-2.2,81.2,27.16,28.07
"470",-5.5,0.1,80.2,27.06,27.18
"1360",-7.2,1.6,77.4,26.36,26.87
"1822",-5.8,-0.7,82.8,24.03,23.97
"1790",-7.4,-0.1,77.7,25.06,25.51
"349",-6.4,0.9,89.3,26.25,26.44
"894",-5.9,-0.7,78.3,24.95,25.72
"590",-2.1,-1.4,78.2,28.09,28.88
"1956",-6.8,-0.2,78.8,25.03,25.8
"474",-4.9,2.5,80.3,27.19,27.56
"2274",-3.6,-0.2,87.3,28.06,28.47
"952",-6.1,0.5,78.3,25.36,25.82
"455",-7.2,-0.3,79.4,26.87,27.06
"2121",-3.2,-1,80.6,28.48,29.8
"1577",-6.7,-0.1,82.7,24.92,25.24
"15",-6.3,0.3,89.6,26.54,27.24
"62",-3.7,3.4,81.5,26.08,27.02
"390",-4.6,2,90.5,24.95,25.15
"1668",-6.5,-0.7,80.9,23.61,23.65
"1059",-5.2,-0.2,85,24.81,25.02
"381",-7.5,-0.9,87,25.16,25.54
"1891",-7.6,1.8,83.9,24.36,24.65
"2282",-1.5,-0.4,92.3,26.51,26.49
"1351",-7,1.4,81.8,26.59,26.79
"2079",-2.1,2,78.3,27.92,29.42
"2012",-3.5,-0.4,79.9,27.88,28.38
"1052",-7.3,-0.2,84,25.6,25.61
"2110",-4.8,-1.5,78.7,28.52,29.64
"1172",-3.7,-0.7,83.1,26.11,26.76
"797",-6.1,0,81.6,27.03,27.35
"1596",-5.4,0.2,79.1,24.35,25.24
"961",-3.3,2.6,82.9,25.46,25.86
"334",-6.9,-0.6,90.2,26.33,26.74
"2116",-4.6,-0.4,79.5,28.79,29.82
"1292",-5.8,1.3,73.9,26.33,26.76
"610",-5.2,-1.6,79.8,28.09,28.43
"1265",-3.5,1.5,82.8,25.28,25.97
"2081",0.9,2.9,70.6,28.67,29.67
"2206",0.4,-4.4,88,26.61,27.53
"1294",-4.4,-0.9,71.7,26.21,26.81
"2195",-1,-6.2,83.5,27.6,28.63
"1362",-7.7,0.5,80.6,26.28,26.81
"1633",-8.5,-1.8,81.3,23.37,23.5
"1760",-6.9,-2.2,79.8,24.77,25.09
"1608",-7.3,1.2,83.2,24.65,24.58
"2189",-3.1,-6.3,82.4,27.72,28.3
"568",-5.3,-1.2,82.1,27.31,27.83
"1002",-7.1,-1,79.6,25.24,25.68
"743",-3.9,0.2,93,24.84,24.99
"1735",-4.4,-1.6,74.4,26.84,27.7
"1378",-6.8,-0.6,80.6,25.79,26.09
"116",-7.6,-1.7,79.3,25.61,26.22
"1257",-5.7,1,79.9,25.12,25.86
"1692",-9.3,-1.8,74.8,24.5,25.05
"1463",-7.1,-1.8,82.7,26.45,26.7
"1221",-6.2,-1,77,25.83,26.61
"462",-6,1.9,77.1,26.93,27.05
"1957",-6.9,-0.7,79.6,25.07,25.76
"1498",-4.7,0.2,83.3,25.44,25.78
"1107",-4.6,-0.7,79.9,26.62,27
"2103",-0.9,1.5,79.8,27.96,29.63
"407",-4.2,0.4,80.7,25.99,27.14
"731",-4.7,-3.1,87.9,23.88,23.96
"185",-7.3,-1.6,83.3,25.19,25.13
"1204",-5,-1.1,82.1,25.02,25.62
"493",-6.7,2,75.2,27.6,28.06
"675",-5.7,-1,86.8,25.21,25.5
"966",-5.5,0.6,80.9,25.41,25.69
"1191",-5.8,-0.5,83.7,24.86,25.6
"2017",-5.7,2.5,83,27.67,27.92
"1495",-6.4,-1.7,79.4,25.26,25.71
"1697",-6.5,-0.5,79.2,24.42,24.47
"291",-7,3.6,85.6,27.49,27.53
"653",-4.8,0.6,86.8,26.48,26.81
"2196",-4,-6.3,83.5,27.92,28.68
"56",-5.3,1.3,89.4,25.82,25.78
"934",-6,0.2,82,24.5,24.58
"329",-5.4,4.6,84,26.84,27.01
"494",-6.6,0.9,74.6,27.61,28.03
"1758",-7.9,0.4,79.8,25.26,25.26
"2061",-4.7,0.1,80.4,28.39,29.32
"1027",-2.1,1,88.5,24.56,25.02
"161",-7.8,2,79.2,26.27,26.45
"127",-6.6,0.2,87.1,24.79,24.84
"260",-4.7,1.1,86.2,27.23,27.36
"717",-7.5,1.2,88.9,24.57,24.82
"60",-3.8,4.1,85.8,25.8,25.62
"1857",-8.2,-1.8,77.9,24.35,24.57
"181",-7.7,-1.8,86.4,25.07,25.04
"1534",-7.4,-1.3,79.7,25.96,25.91
"1157",-7.8,-0.9,79.3,26.88,27.57
"1642",-4.8,0.2,89.7,22.67,22.66
"1452",-3.2,0.1,82.2,26.05,26.35
"1571",-6.1,-1.6,86.7,24.67,24.69
"1401",-6.8,-0.6,75.3,26.3,26.87
"1303",-4.9,1.2,74.1,26.67,27.09
"1949",-6.9,-2.4,79.9,24.89,25.06
"1909",-7.4,-0.4,82.4,24.23,24.21
"2066",-5.6,3.8,80.4,28.37,29.24
"676",-5.4,1.2,88.5,25.15,25.57
"1993",-1.4,0.1,81.3,27.03,27.7
"375",-6.1,2.1,82.9,25.48,25.7
"611",-5.3,0.2,78.3,28.27,28.5
"1699",-7.4,-1.3,75.2,24.66,24.68
"148",-4.8,1.7,88,25.24,25.22
"150",-4.9,0.9,82.2,25.32,25.51
"121",-6.9,1.5,83.2,25.46,25.48
"169",-8.1,-0.1,77.7,25.93,25.9
"598",-3.6,0.7,82.7,27.57,28.87
"1491",-6.3,-1.6,78.2,25.78,26.27
"108",-8.5,-0.7,80.2,25.98,25.83
"767",-5.4,-0.6,81.6,27.61,28.07
"530",-5.2,-4.2,78.5,27.54,28.29
"1580",-7.4,-0.1,82.1,24.82,25.31
"1447",-7.6,0.5,81,26.03,26.37
"1821",-5,-1,86.2,23.85,24.09
"1115",-3.5,0.5,80.7,26.75,27.04
"164",-7.6,0.7,79.1,26.16,26.47
"1568",-2.6,1.6,86.3,24.56,25.05
"1503",-6.2,-2.2,80.1,25.14,25.32
"51",-5,1.6,87.9,26.14,26.13
"119",-5.9,2.2,84.9,25.35,25.76
"2247",-1.8,-1.6,80.2,26.97,27.56
"229",-6.6,-1,78.1,26.14,25.94
"2018",-5.7,1.8,84.2,27.79,27.83
"1783",-8.1,-2.2,78.8,25.24,26.05
"2120",-3.7,-3.4,79.1,28.87,29.9
"436",-4.4,2,82.9,26.52,27.5
"89",-8.7,0.4,83.1,26.53,26.56
"1941",-8.1,-0.5,80,25.16,25.16
"533",-2.6,-5.5,81.7,27.31,28.39
"591",-5.3,1.4,76.8,28.57,28.98
"1907",-9.6,-1.4,83.4,24.19,24.13
"1381",-5.8,1.2,82.4,25.91,26.19
"704",-6.8,-0.9,84.5,24.94,25.12
"1496",-6,0.4,80.1,25.31,25.7
"846",-6.9,-0.5,81.3,24.39,25.17
"1095",-5.4,-4,80.7,27.07,27.5
"1408",-8.1,-1.1,80.9,25.86,26.28
"315",-5,3.3,79.5,27.17,27.58
"2194",-1.3,-5.8,83.9,27.29,28.52
"2233",-3.3,-4.2,83.2,27.6,28.19
"1438",-5.7,-1.4,84.7,26.02,26.42
"1517",-7.4,0.2,80.1,25.74,25.87
"1295",-4.5,0.7,72.5,26.09,26.88
"1650",-6.6,0.1,78.8,24.42,25.26
"832",-5.5,-2.5,84.9,25.22,25.58
"1926",-6.7,-2.2,74.6,24.58,25.03
"1570",-4.7,-0.6,90.1,24.87,24.93
"1813",-7.2,0.7,81.2,24.53,24.76
"1537",-5.1,1.2,84.5,25.78,26.07
"1741",-8.7,-3.1,77.8,26.26,26.38
"1598",-6.5,3.1,79.9,25.25,26.32
"1141",-4,2.1,78.6,26.97,27.26
"1837",-5.6,-0.5,83.4,24.25,24.75
"1192",-6.2,0.2,88.5,25.24,25.55
"1858",-7.2,-0.1,79.5,24.35,24.35
"1065",-6.4,1.4,87.2,24.91,24.95
"633",-3.1,1.4,86.9,27.31,27.86
"1416",-4.5,-0.2,81.3,26.4,27.16
"1784",-6.4,-1,84.1,24.88,24.9
"281",-5.1,0.6,82.2,27.18,27.7
"916",-6.3,0.8,78.6,25.87,26.32
"1774",-6.1,-0.2,71.5,25.14,26.17
"2164",-2.3,-1.5,82.8,27.76,29.2
"724",-7.5,0.1,87.4,24.29,24.6
"5",-3.3,-0.2,84.1,27.23,27.36
"1354",-6.7,2.3,76.4,26.59,26.86
"492",-5.8,-1,74.3,27.63,28.03
"20",-4.5,1.8,84.6,27.41,27.49
"1207",-4.5,0.1,81.3,25.16,25.86
"2094",-1.9,-0.3,75,28.6,29.96
"1103",-4.9,-1.8,81.9,26.45,26.76
"2181",-5,-3,82.4,28.2,29
"514",-3.5,1.4,78.7,27.14,27.49
"1921",-4.9,0.4,84,24.23,24.52
"828",-5.6,-1.8,83.7,25.18,25.42
"69",-1.4,1,80,26.31,27.17
"2009",-4,0,81.6,27.77,28.13
"1497",-5.2,0.1,82.7,25.33,25.73
"1253",-8.2,-1.3,79.3,25.39,25.98
"1320",-7.2,-0.4,73.2,26.88,27.19
"141",-4.3,2,89.1,25.07,25.21
"793",-5.9,0.9,81.5,27.25,27.57
"132",-6.2,2.6,86.9,24.82,24.8
"42",-5.5,0.8,81.2,26.71,27.05
"1659",-7.3,-0.6,82.9,24,23.95
"754",-4.2,-0.9,80.1,27.81,28.4
"133",-6.2,1.8,80.6,24.74,24.77
"1217",-2.3,-1.8,81.7,25.5,26.08
"294",-1.6,2.8,85.9,27.17,27.57
"750",-7.4,-2.1,81.2,25.96,26.87
"1421",-5.7,-0.2,84.3,26.08,26.48
"264",-4.3,0.5,83.8,27.23,27.53
"177",-6.5,-0.1,86.5,25.16,25.02
"595",-3.6,-1.1,77.3,28.29,28.39
"944",-4.8,0.3,75.9,24.9,25.66
"1839",-5.7,0.2,81.2,24.21,24.66
"1628",-7.2,-1,80.4,24.5,24.39
"1392",-7.8,0.5,80.8,26.19,26.23
"1457",-4.4,0.6,83.6,26.6,27.01
"1587",-5.3,-1.1,85.3,23.92,24.33
"1838",-5.2,-1.8,81.8,24.18,24.74
"2257",-2.4,-1.7,77.2,28.04,28.86
"1163",-6.6,0.2,85.8,26.52,26.65
"1544",-7.3,0.6,78.9,26.37,27.16
"727",-6,-1.6,87.1,24.04,24.42
"1725",-5,-1.2,76.8,26.62,27.27
"320",-5.8,0.8,85.5,27.18,27.49
"852",-7,1.3,86.6,24.03,24.24
"115",-8.1,-0.9,76.6,25.77,26.26
"1477",-6.1,-0.9,83.3,26.57,27.01
"1474",-5.3,1.2,80.9,26.86,27.48
"453",-6.9,1.6,78.4,26.91,27.2
"396",-6.1,0.3,80.1,25.83,26.88
"451",-6.6,-0.7,78.8,26.92,27.08
"2179",-3.2,-5.7,78.7,28.24,28.99
"882",-4.6,-0.8,83.3,24.74,25.33
"2001",-5.5,-0.3,78.9,27.56,27.8
"1869",-5.9,-0.3,82.8,23.98,24.34
"159",-7.8,0.1,77.7,26.31,26.2
"495",-6.8,-1.2,72.1,27.55,28.06
"2288",-3.6,-0.6,90.4,25.04,24.82
"109",-7.1,0.3,82.2,25.92,25.85
"1712",-4.5,-0.4,89.3,23.02,22.62
"519",2,2.7,83.2,26.38,27.7
"1648",-7.2,0.2,76.8,24.5,25.29
"539",-7.6,-1.6,77.3,28.23,28.44
"753",-3.1,-1.6,79.8,27.69,28.3
"2252",-3.2,-5.7,76.9,27.76,28.77
"393",-4.1,4.5,88.2,25.31,25.52
"648",-7.9,-2.1,86.1,26.82,27.31
"1110",-4.2,1.1,83.2,26.57,26.9
"45",-5.1,1.2,81.5,26.66,27.1
"902",-6.9,0.9,82.4,25.45,25.95
"112",-7.3,0.4,80.4,25.97,26.27
"1051",-7.3,0.7,82.8,25.68,25.74
"940",-7.9,0.7,80.8,25.28,25.71
"222",-7.6,0.3,79.7,26.22,26.05
"266",-3.3,3.2,80.3,27.25,27.58
"158",-8.1,-0.8,79.9,26.16,26.03
"774",-6.3,-0.9,78.1,27.29,27.76
"2199",-1.9,-5.7,80.9,27.96,28.68
"1984",-2.3,-2.5,86,25.84,26.22
"950",-7.2,-0.8,79.4,25.5,25.85
"730",-4.8,-1.9,91,23.77,23.81
"386",-2.7,0.6,89.6,24.94,25.29
"1199",-5.7,1.2,86.4,25.4,25.81
"300",-5.7,0.5,81.5,27.21,27.95
"1285",-6.3,1.1,74.2,26.1,26.3
"1190",-4.7,-1.5,80.8,24.88,25.62
"1139",-4.7,0.5,78.7,27.02,27.34
"340",-6.2,0.9,85,26.21,26.7
"92",-8.2,0.6,80.1,26.46,26.36
"1676",-5.4,1.4,82.1,23.49,23.77
"99",-5.7,3.3,81,26.26,26.49
"1540",-5,0.3,83.4,25.93,26.41
"1936",-6.6,-0.4,83.7,24.5,24.66
"1152",-2.6,2.2,77.7,26.35,27.26
"1971",-5.1,-1.5,84.9,25.3,25.53
"845",-6.8,-2.6,84.1,24.64,25.18
"1667",-5.2,0.1,83.7,23.53,23.74
"2060",-5.5,-1.2,78.8,28.98,29.3
"783",-3.4,0.8,78.2,27.24,28.08
"1661",-6.3,-0.3,82.9,24,24.38
"994",-6.4,-1,83.2,24.77,24.88
"1877",-7.5,-0.6,80.8,23.98,24.05
"1459",-5.2,-1.7,80.8,26.98,27.37
"1021",-7.9,-0.4,82.6,24.59,24.75
"1776",-5.2,3,74.9,25.64,26.44
"2089",-0.5,4,74.6,28.52,30.04
"900",-5.6,0.9,81,25.4,26.03
"1216",-5.3,2.4,78.9,25.8,25.97
"1109",-5.2,-0.1,82.6,26.54,27.02
"2284",-4.3,1.3,92.3,26.18,26.02
"1326",-4.8,2.9,75.1,26.87,27.31
"1847",-6.7,0.9,82.9,24.55,24.85
"1232",-7.7,0.2,83.5,25.8,26.21
"1018",-5.6,1.2,80.1,24.73,25.16
"2015",-5.9,1.5,83,27.83,27.98
"383",-4.1,-0.6,85.4,24.56,25.45
"728",-5.8,-1.4,89.7,24.02,24.48
"2289",-3.3,0.3,88.8,24.63,24.51
"771",-4.7,-2,76.4,27.39,27.86
"1996",-3.9,0.5,81,27.28,27.54
"1111",-4.9,1.3,84.2,26.54,26.78
"484",-8.8,-1.2,79.3,27.78,27.97
"503",-9.3,-2.4,74.2,27.58,27.94
"1174",-5.3,-1.2,85.4,25.77,26.27
"515",0.8,-0.2,77.1,27.21,27.98
"752",-5.8,-2,77.7,25.19,26.14
"1893",-6.9,-2.4,79.1,24.05,24.43
"312",-6.7,2.8,78.6,27.3,27.57
"1870",-5.2,-1.2,81.1,24.06,24.41
"1700",-7.4,-0.2,78.8,24.89,24.84
"58",-5.4,1,88.6,25.66,25.44
"1332",-6.2,0.1,75.1,26.71,27.22
"1509",-4.6,0,83.9,25.56,25.82
"705",-6.6,-0.9,87.4,25.01,25.34
"1135",-3.6,0,83,26.72,27.12
"342",-5.7,-0.5,86.8,26.09,26.57
"1621",-7.7,0.7,81.3,25.05,25.78
"377",-8.2,2.3,83.1,25.85,25.83
"91",-7.9,0.9,81.4,26.53,26.48
"1739",-8.2,0.1,78.4,26.65,27.15
"122",-7.1,2.8,84.3,25.39,25.5
"44",-3.9,1.3,81,26.64,27.22
"1803",-5.7,1.2,80.5,24.16,24.46
"2265",-3.4,-1.2,75.4,28.71,29.68
"1072",-5.5,-0.8,79,26.35,26.94
"1124",-4,-2.8,85.5,26.71,26.83
"313",-4.6,2.7,80.4,27.26,27.56
"646",-6.9,0.2,83.3,27.23,27.57
"1256",-7.4,0.4,77.5,25.14,26.01
"822",-8.3,-2.6,78.8,26.5,27.01
"481",-4.8,0.5,81.4,27.61,28.05
"1384",-4.1,-1.9,79.5,25.68,26.16
"1035",-5.9,1.3,79.6,25.07,25.31
"2023",-3.3,0.6,82.1,27.58,27.92
"1334",-6.4,0.4,75.4,26.63,26.98
"725",-6.9,-0.2,89.6,24.17,24.49
"1853",-7.6,-1.4,81.4,24.79,25.25
"81",-4.8,1.3,81.7,26.48,26.74
"1078",-6.8,-1.1,81.1,25.92,26.3
"146",-7,-0.5,86.1,24.92,24.67
"1876",-6.1,-0.5,85,24.02,24.29
"2173",0.6,-3.5,75.7,27.88,29.27
"748",-8.5,-1.9,83.2,25.87,26.5
"328",-5.3,5.2,85,26.96,27.09
"1927",-8,-2.3,75.3,24.56,25.27
"1030",-6.4,0.4,86.1,24.69,24.71
"2044",-2.7,2,82.1,28.67,28.78
"1929",-8.1,0.7,79.3,24.64,25.1
"435",-3.4,-0.2,82.2,26.54,27.3
"250",-7.9,1.3,83.9,26.52,26.38
"1828",-6.4,-0.2,80.6,24.44,25.12
"1282",-4.2,1.3,79.5,25.74,27.08
"1786",-4.8,1.8,86.6,25.35,25.09
"1312",-5.9,-1.1,74.6,26.4,27.06
"234",-6.8,0.7,81.7,26.33,25.99
"296",-6,-0.1,84.2,27.21,27.77
"1998",-5,-0.1,80.2,27.39,27.64
"419",-6.5,-0.5,82.1,26.22,26.89
"1547",-7.1,0.3,79,26.17,27.12
"130",-7,-0.2,81.8,24.71,24.99
"1512",-5.8,0,79.6,25.53,25.73
"2267",-2.7,-1.3,76.1,28.28,29.86
"1423",-7.3,0.9,81.8,25.99,26.27
"182",-7.8,-0.8,84.3,24.9,24.58
"553",-6.5,-1.9,76.9,28.13,28.44
"61",-3,3.3,83.2,25.96,26.67
"1372",-6.8,2.4,82.2,26.1,26.24
"572",0.1,-1.9,81.7,26.84,28.31
"510",-7.3,0.4,80.2,27.25,27.68
"1089",-3.5,-1.9,85.3,25.87,26.58
"649",-5.9,-3.9,83.1,26.9,27.17
"1933",-6.5,-1.1,81.5,24.42,24.76
"1997",-4.2,1,80.1,27.41,27.6
"1386",-7.6,0.6,78.9,25.96,26.04
"66",-6.8,0.9,78.7,26.47,27.5
"1637",-6.1,-0.4,89.7,22.55,22.38
"799",-4.3,-0.1,77.2,26.3,27.1
"245",-8,1.1,82,26.48,26.13
"1230",-7.1,-0.7,82.7,26.1,26.57
"601",-3.2,1.7,79.8,27.53,28.64
"1852",-6.3,0,81.9,24.71,25.21
"1794",-6.3,-0.9,83.6,24.83,24.74
"1937",-6.2,-1.8,80.1,24.38,24.63
"1404",-7.6,-0.2,78.4,26.39,26.73
"1756",-6.4,-1.8,78.5,25.03,25.4
"1920",-5.7,0.4,80.4,24.39,24.6
"1177",-5.5,-0.6,84.9,25.68,26.11
"17",-4.7,1.5,86.5,27.29,27.33
"1214",-5.5,-0.7,77.8,25.37,25.85
"1057",-5.7,-0.3,84,24.84,25.12
"1658",-6.6,0.3,79.6,23.84,23.81
"2013",-4.3,-1.2,84.7,27.34,28.22
"979",-6.6,1.7,79.5,26,26.12
"209",-7,-1.5,81.4,26.02,26.01
"2034",-2.5,1.2,81.6,28.04,28.04
"1728",-3.9,2.1,79.8,26.35,26.89
"1525",-6.3,-0.4,81.7,25.42,25.9
"1367",-7.4,2,78.1,26.38,26.58
"276",-4,1,79,27.1,27.64
"624",-5.8,-1.9,81.1,27.95,28.63
"1713",-5.3,-0.1,86.1,23.41,22.95
"31",-6.1,0.7,86.1,26.65,26.58
"645",-4.6,0.6,83.8,27.21,27.69
"795",-4.5,-0.6,82.3,27,27.47
"865",-5.3,1,82.5,24.6,25.03
"1473",-3.6,-1.7,82,26.6,27.4
"2209",1.1,-5.2,84.3,27.21,28.08
"2158",-2.7,-7.1,83.2,28.04,29.59
"1250",-7.1,1.5,81.7,25.53,26.02
"696",-6.3,-0.4,85.8,25.06,25.37
"341",-5.2,0.8,84.6,26.13,26.61
"1510",-5.4,0,85.2,25.55,25.7
"1588",-5.9,0,82.5,23.78,24.16
"472",-5.1,2.6,81.7,27.21,27.39
"1698",-8,-1.4,72.8,24.62,24.58
"303",-3.2,0.1,79.2,26.91,27.98
"2242",-2.6,-6.7,79.8,27.64,28.46
"2234",-2.7,-3.9,83.9,27.37,28.1
"1603",-7.5,-0.7,83.1,24.44,25.09
"596",-5.7,-1.7,77.9,28.45,28.49
"802",-5.1,2.1,79.9,26.85,27.06
"1789",-7,-0.9,82.4,25.15,25.51
"2212",-1.8,-5.2,78.7,27.13,28.85
"1694",-7,-1,81.3,24.31,24.5
"938",-7,-0.4,79.3,25.55,26.07
"909",-7.6,-0.2,76.9,25.89,26.62
"1849",-7,1.1,86,24.7,24.9
"363",-6.6,-1.9,88.2,25.89,26.3
"1188",-7.6,-0.7,84.5,25.15,25.63
"1736",-7.2,-1.3,74.8,26.95,27.51
"1310",-5.4,3.5,73.6,26.58,27.01
"1391",-7.6,-1.3,79.6,26.25,26.17
"2135",-1.8,-3.1,75.7,28.36,29.72
"525",-2.7,-3.4,79.7,26.98,28.07
"1267",-3,-0.7,76.4,25.14,26.17
"1905",-6.7,-1.5,83.4,24.1,23.96
"1281",-4.8,0.1,79.5,26.01,27.29
"762",-3,-1.3,79,27.73,28.31
"325",-6.9,2.7,83.3,27.11,27.37
"702",-5.4,-0.4,89.1,24.75,24.79
"110",-6.1,1.1,80.8,25.88,26.05
"1060",-3.8,-0.3,84,24.7,25.02
"959",-5.4,-0.9,77.4,25.02,25.53
"282",-6,1.6,85.7,27.38,27.65
"225",-5.2,-0.4,77.6,25.96,26.14
"2225",-0.3,-6.5,81.3,27.41,28.91
"1489",-4.4,-0.3,81.4,26.26,26.97
"2255",-0.9,-5.5,79.5,27.88,28.65
"397",-7.2,1.5,81.8,26.04,26.9
"306",-3.5,-0.6,81.8,27.3,28.17
"935",-3.1,0,81.5,24.66,25.14
"2246",-3,-3.5,78.7,26.89,27.37
"327",-7.1,2.3,87.8,26.66,27.09
"2058",0.4,-1.2,78.2,28.42,29.13
"1376",-7.1,0,81.8,25.87,26.13
"744",-5.3,1.9,92.6,24.94,25.14
"1121",-6.8,-0.9,81.4,27,26.85
"1765",-6.2,1,86.2,25.25,25.15
"1436",-6.9,0.3,80.5,25.92,26.3
"2106",-1.6,-0.3,78.7,28.56,30
"478",-4.6,0.7,79.6,27.53,27.81
"1592",-6.1,0.9,87.9,23.81,23.97
"242",-7.5,-1.3,77.8,26.12,26.11
"1434",-6.1,-1.3,80,25.76,26.39
"1411",-4.7,0.4,87.8,25.61,25.87
"1231",-7.3,-0.1,83.4,25.86,26.25
"87",-8,0,78.2,26.39,26.66
"217",-6.8,1.5,83,26.12,26.13
"1986",-5.5,-1.7,86.3,25.98,26.58
"860",-5.9,0.2,81.9,24.89,25.1
"1524",-6.5,-0.2,82.9,25.58,26
"398",-6,-0.9,82.7,25.85,26.94
"628",-6.5,0.7,84.2,27.78,28.11
"351",-3.8,-3.5,84.3,26.26,26.83
"1272",-6.9,-1.6,77.7,25.26,26.22
"1104",-3.7,-1.3,81.4,26.36,26.72
"1493",-6.1,-1.1,79.8,25.43,25.98
"1819",-5.1,-1.2,83.4,24.36,25.28
"460",-7.1,1.4,85.4,26.3,27.16
"1518",-7.4,0.9,79.8,25.67,25.72
"688",-4.7,-1.2,88,25.83,26.14
"763",-4.3,0.2,80.6,27.67,28.37
"1730",-2.7,1.2,78.4,26.46,27.51
"524",-0.9,-4.3,82.9,26.53,28
"476",-5.7,-2.5,81,27.07,27.63
"268",-3,3.8,82,27.32,27.69
"1751",-6.9,0.6,81,26.18,26.32
"1682",-7.2,0.4,80.9,24.07,23.69
"2010",-2.6,1.4,79.8,27.93,28.31
"8",-4.7,2,84.8,27.46,27.51
"1800",-7.5,-0.2,79.6,24.3,24.84
"671",-5.2,-1.4,82.1,25.19,25.34
"837",-6.5,-2.5,83.3,25.2,25.35
"2157",-2,-5.3,82.1,28.08,29.56
"1054",-7.6,-0.6,84.1,25.41,25.44
"521",-2,-0.7,78.6,27.72,28.05
"2187",1.5,-3.6,84.7,26.93,28.66
"1930",-8.4,-3.6,78.1,24.72,24.94
"2200",-2.5,-5.2,84.3,27.68,28.66
"1914",-7.3,-1.3,83.1,24.17,24.23
"128",-5.5,-0.9,84,24.68,24.7
"1449",-5.9,-1.4,84.1,25.68,26.01
"2217",-2,-5.5,83.9,27.13,28.68
"1302",-6.1,1.1,75.7,26.71,26.98
"1792",-8,0.6,79.2,24.83,25.29
"1435",-5.6,-1.7,80.7,26.03,26.4
"1066",-5.7,1,88.5,24.89,24.91
"102",-6.7,-1.2,79.1,25.7,25.94
"2197",-3.6,-6.2,82.4,27.8,28.77
"1347",-7.2,-0.5,77.9,26.38,26.76
"956",-5.6,0,77.9,25.02,25.69
"1409",-6.4,-0.2,84.9,25.84,26.1
"322",-7,2.9,82.1,27.26,27.43
"1235",-8.1,-0.4,80.4,26.18,26.58
"630",-5.7,-0.8,85,27.65,27.98
"925",-6.8,1.2,81.7,25.53,26.07
"1750",-6,1.7,81.1,26.12,26.35
"354",-6.9,-1.7,82,26.3,27.03
"489",-7.1,-2.1,71.7,27.36,27.96
"1420",-5.5,0.9,83,26.13,26.49
"815",-4,-0.1,76.9,26.25,27.37
"574",-0.6,-2.2,80.8,27.37,28.12
"13",-6.4,0.1,85.1,27.03,27.31
"1319",-8,-0.6,75.6,26.76,27.17
"644",-3.5,1.4,84.2,27.2,27.67
"1094",-6.9,-3.3,79.1,27.24,27.53
"2249",1.9,-3.3,82.4,27.45,27.91
"48",-7.6,-1.4,82,26.17,26.32
"1389",-7.3,1.8,82.5,26.19,26.08
"1369",-8.1,-0.1,81.4,26.26,26.58
"976",-6.2,0.9,76.9,25.81,26.68
"1981",-4.1,1.6,86.7,25.54,25.76
"1664",-7.2,-1.2,77.2,23.53,24.28
"896",-5.7,0.6,81,24.89,25.54
"1576",-5.7,-0.8,85.3,24.99,25.43
"1529",-4.4,1.7,80.4,25.49,25.91
"262",-2.7,3.6,82.9,27.22,27.62
"1224",-5.5,0.9,78.2,25.99,26.83
"2290",-3,-2.7,87.3,24.51,24.36
"2264",-2.3,1,74.6,28.44,29.75
"835",-7.4,-2.7,81.9,24.91,25.04
"232",-8.8,-0.1,83.3,26.35,26.01
"1550",-8.4,-0.8,80,25.65,26.22
"27",-7.9,-0.4,81,26.97,27.07
"589",-3.1,-2.7,79.7,27.89,28.77
"851",-5.6,-0.9,85.2,24.21,24.61
"2057",1,1.4,77.8,28.15,29.02
"1729",-3.2,0.6,79.3,26.46,27.27
"2082",-1.6,0.7,72.8,28.48,29.71
"1011",-5.3,-0.4,84.1,24.78,25.02
"1757",-6.7,0.7,80.8,25.15,25.37
"718",-7.2,0.3,87.9,24.47,24.77
"59",-4.2,2.1,88.2,25.61,25.57
"2064",-5.9,3.3,72.5,29.42,29.31
"1019",-7.4,0.6,81.6,24.77,25
"543",-5.3,0,79.2,27.77,28.51
"1147",-2.7,-0.4,84,26.44,27.06
"2185",-4.1,-6.5,81.3,28.32,28.95
"1744",-6.6,0.7,80.1,25.97,25.99
"1048",-8.4,-0.5,84,25.68,25.54
"461",-6.6,2.2,78.7,26.93,27.03
"764",-3.7,-0.8,79.5,27.72,28.36
"1470",-2.9,0.6,78.7,26.54,27.01
"1967",-4.9,0.5,83.2,25.17,25.68
"1906",-8.7,-1.1,83.2,24.14,24.1
"999",-6.4,0.4,83.6,25,24.97
"498",-6,1.9,72.1,27.5,28.11
"1043",-5.9,-1.5,85.4,25.29,25.85
"376",-6.8,3.6,81.5,25.72,25.81
"466",-6.5,-1.9,80,27.22,27.15
"1964",-7.2,-1.6,81.7,25.15,25.6
"919",-5.2,-1.1,73.6,25.35,26.23
"1917",-7.5,-1.7,77.2,24.34,24.8
"1487",-4.7,-0.3,78.6,25.88,26.78
"1868",-5.9,0.5,84.1,24.04,24.53
"1961",-5.6,-1.6,85.5,25.16,25.59
"1366",-6.6,1.7,81.3,26.14,26.39
"577",-3,-0.9,80.5,28.1,28.69
"881",-3.6,-0.5,81.7,24.76,25.41
"854",-3.5,0.3,89.5,23.87,24.37
"1701",-8.1,-0.6,79.2,24.62,24.87
"768",-6.2,-1.4,80.6,27.47,27.84
"1350",-6.6,1.2,80.9,26.57,26.86
"2028",-5.5,-1,81.3,28.05,28.03
"41",-6.3,-1.5,82.5,26.97,26.67
"97",-6.5,3.6,84.6,26.25,26.57
"1584",-7.8,1,84.2,24.18,24.59
"801",-2.8,4.8,81.9,26.96,27.12
"125",-6.4,0.9,83.6,25.04,25.6
"970",-5.7,0.8,73.3,25.62,26.29
"237",-5.7,1.4,81.7,26.35,26.14
"339",-6.8,-1.1,82.1,26.26,26.61
"1761",-5.6,0.6,85.1,24.9,24.99
"1919",-7.1,0.5,74.6,24.55,24.72
"459",-7.8,0.3,81.8,27.08,27.27
"144",-5,2.3,87.2,24.96,24.77
"1158",-7.6,-2,77.8,26.8,27.2
"2002",-4,-1.7,79.5,27.61,27.8
"2245",-3,-4.4,78.7,27.09,27.29
"252",-7.5,-0.2,84.4,26.34,26.27
"456",-6.6,-0.4,80.1,26.83,27.07
"21",-6.7,2.1,84,27.49,27.28
"298",-5.2,-0.3,84.1,27.2,27.8
"2294",-4.5,-2.2,87.3,24.18,23.84
"1945",-6,-0.8,81.3,25.03,25.34
"1515",-5.2,1.5,81.1,25.56,26.01
"1881",-7.1,0,79.1,24.02,24.46
"290",-7.9,0.1,85.7,27.56,27.64
"770",-4.5,-1,78.3,27.43,27.91
"1356",-7.3,1.2,79.1,26.29,26.69
"2256",-0.7,-4.2,79.1,27.88,28.58
"201",-6.7,-1.5,82.2,25.88,26.15
"487",-5.3,1.3,76.1,27.49,27.94
"1612",-7.8,2.9,81.1,24.42,24.85
"1968",-4,-0.3,84.9,25.07,25.81
"1677",-4.8,0.2,88.1,23.68,23.74
"1206",-5.9,-0.8,78.5,25.18,25.76
"1113",-3.2,-2.2,79.3,26.16,26.63
"2008",-4.7,-0.3,82.9,27.65,28.03
"908",-7.2,1,80.6,25.95,26.63
"1315",-5.2,1,72.4,26.38,26.93
"190",-7.4,-0.7,83.1,25.58,25.37
"1569",-3.7,1.7,86.8,24.89,25.21
"314",-2.8,1.9,78,26.95,27.69
"457",-5.1,1,81.6,26.86,27.09
"991",-6,-1.3,79.1,25.04,25.54
"176",-7.7,-0.3,84.1,25.38,25.23
"1082",-5.1,-0.5,85.8,25.87,25.97
"583",-1.4,-0.1,75.9,28.06,29
"1733",-5.4,1.3,78.3,26.58,27.56
"183",-7.2,-0.9,82.9,25.11,24.73
"647",-8.1,-0.6,84.3,27.26,27.49
"684",-2.5,-0.5,85.5,25.37,26.1
"2208",0.2,-2.1,82.4,27.13,28.4
"1210",-6.6,-1.5,79.5,25.51,25.98
"2074",-4.7,0.2,74.6,28.32,29.42
"1081",-5.1,0.4,85,25.71,25.84
"1859",-5.7,-0.6,86,24.46,24.44
"1339",-7.5,3.4,75.6,26.94,27.36
"1772",-7.2,0.6,78.8,25.17,25.28
"1443",-3.8,1,78.8,26.48,27.16
"1142",-4.8,-0.2,78.7,26.98,27.18
"1844",-6.6,0.4,83.6,24.88,25.03
"1056",-7,0.3,82.3,24.94,25.3
"1031",-6.8,1.3,84.7,24.62,24.57
"1947",-7.1,-1,80.8,24.96,25.16
"1910",-6,0.1,84.7,24.03,24.28
"1743",-6.3,-0.5,80.8,25.96,25.99
"2091",3.3,1.6,75.7,27.84,29.81
"483",-7.4,-2,77.9,27.69,28.04
"1595",-6.3,-0.5,82.8,24.36,24.77
"1541",-5.5,1.4,82.9,25.82,26.03
"1864",-6,0.8,80.6,24.26,24.8
"1559",-5.7,1.8,83.5,25.03,25.48
"674",-6.1,-1.8,88.3,25.35,25.61
"1099",-3.1,-3,81.2,26.48,27.04
"1368",-7.2,-0.4,78.2,26.14,26.51
"643",-4.6,1,83.8,27.22,27.72
"278",-6.9,1.9,84.4,27.61,27.79
"672",-5.2,0.4,84,25.13,25.78
"1431",-6.6,-2.7,83.2,26.02,26.4
"88",-7.5,0.6,83.1,26.43,26.59
"1641",-5.9,0.9,90.6,22.71,22.58
"392",-4.9,4.1,87.3,25.14,25.49
"151",-5,2.4,82.1,25.66,26.16
"1037",-7.2,0.4,80.5,25.35,25.56
"786",-6.2,1.8,78.2,27.51,27.76
"827",-5.8,-0.7,83.1,25.15,25.43
"1613",-7.6,1.8,85.1,24.08,24.36
"2266",-2.6,-3.2,79.1,28.32,29.67
"780",-2.4,1.1,80.4,27.27,28.06
"1418",-6.6,-0.3,78.5,26,26.53
"1963",-7.3,-1.7,80.5,25.08,25.53
"1879",-6.4,-0.2,77.3,24.08,24.31
"636",-3.6,0.2,82.3,27.53,27.98
"1976",-5.5,0.4,80.9,25.38,25.95
"23",-4.4,0.9,82,27.08,27.26
"582",-4.4,-0.2,78.5,27.79,28.67
"776",-4.3,-0.3,80.8,27.26,27.88
"791",-6.4,0,80.4,27.42,27.69
"1275",-4.3,1.7,79.9,25.76,26.81
"1131",-6,-2.6,79.2,26.71,26.99
"1670",-8,-1,80.4,23.96,23.91
"1203",-5.8,-0.6,80.3,25.01,25.49
"1238",-7.2,-0.1,80.5,25.5,26.55
"1175",-3.8,-0.1,86.2,25.8,26.28
"308",-5,0.6,82,27.2,28.1
"1663",-6,-1,81.3,23.8,24.56
"2054",-2.2,2.3,78.4,28.77,28.97
"949",-5.5,3,81,25.82,25.88
"1112",-5.1,-1.8,82.7,26.41,26.72
"1709",-6.1,-2.9,85.3,22.75,22.74
"254",-6.7,0.8,85.6,26.3,26.14
"1223",-7,1,79.4,26.09,26.73
"987",-7.7,0.3,77,25.71,26.36
"1336",-6.8,0.2,75,26.84,27.14
"186",-6.4,-1.6,82,25.04,25.18
"1472",-3,-1,79.1,26.63,27.55
"311",-6.9,0.5,78.1,27.21,27.68
"352",-5.3,-2.6,84.8,26.36,27.02
"389",-3.9,3.1,91.7,24.9,25.05
"1674",-6.3,-1.5,82.9,23.72,23.97
"2161",-2.5,-2.4,82.8,28.52,29.37
"1484",-5,1.1,81.9,25.79,26.3
"1943",-6.8,-2.3,75.5,24.99,25.36
"347",-5.9,0.7,88.2,26.28,26.37
"394",-5,3.1,86.4,25.47,25.57
"413",-6.2,0.8,80.2,26.66,27.8
"1578",-8.1,0.3,81.2,25.08,25.66
"1209",-6.9,-1.6,78.5,25.31,25.98
"439",-7.2,0.6,83.2,26.69,27.25
"113",-7.6,0.6,82.4,25.91,26.32
"114",-8.4,0.2,79.8,26.03,26.33
"1405",-7.4,-0.2,77.8,26.34,26.72
"1854",-7.5,-0.1,85.9,24.8,25.13
"1402",-6.2,1.1,77.9,26.36,26.68
"231",-6.7,0.4,83.3,26.35,26.06
"1546",-5.9,0.4,78.8,26.41,27.36
"957",-6.8,-0.2,79.4,25.11,25.57
"1887",-5.4,-0.4,79.5,23.8,24.39
"1554",-7.3,0.9,79,25.55,25.66
"1097",-4.7,0.2,79.7,26.88,27.32
"1675",-5.7,-1.4,80,23.53,23.85
"1492",-6,-0.7,80.6,25.64,26.22
"228",-8.6,0.9,81,26.32,26.03
"689",-5.5,-0.3,89.7,25.86,26.17
"823",-7.4,-2.2,78,26.18,26.63
"928",-6,1.5,78.6,25.06,25.62
"1049",-7,0.9,83.5,25.67,25.56
"280",-4.7,1,82.2,27.35,27.85
"332",-7.6,-1.5,85.7,26.54,26.79
"890",-5.4,-1.1,82.2,25.13,25.71
"1480",-5.2,1.5,83.9,26.11,26.41
"1913",-7.8,-1,83.2,24.12,23.89
"669",-6,-0.2,86.9,25.31,25.44
"1345",-7.8,-0.6,75.3,26.61,26.96
"1928",-7.6,-0.6,77.8,24.55,25.34
"2150",-1.9,-4.9,77.2,28.87,29.63
"170",-9.3,0.9,80.1,26.07,26.04
"1951",-6.4,-1.6,81.2,24.74,25.3
"703",-6.8,-2.4,83.2,25,25.06
"324",-5.9,3.3,82.1,27.14,27.41
"1763",-5.7,1.5,85.7,25.29,25.13
"235",-7.2,1,82.1,26.47,26.06
"1342",-6.6,-0.3,78.7,26.39,27.29
"804",-4.1,0.4,79.9,26.55,27.37
"1830",-7.2,0.4,79.4,24.43,24.72
"787",-3.1,-1.8,80.9,27.22,27.8
"272",-3.9,-1.1,85.4,27.14,27.74
"1155",-4.7,1.7,78.1,26.58,27.57
"425",-5.1,4.1,82,26.69,27.2
"660",-6.1,0.8,88.3,26.17,26.26
"910",-6.8,-1.3,74,25.53,26.27
"1038",-6.3,-0.8,81.1,25.13,25.5
"430",-6.9,0.7,79.8,26.76,27.27
"1745",-6.6,0.5,79.8,25.95,26
"64",-6,2.7,80.2,26.82,27.46
"2085",2.5,3.9,78.7,28.36,29.8
"83",-6.1,2.1,82.4,26.51,26.8
"920",-6.2,-0.3,76.5,25.39,26.28
"1526",-4.4,0.3,81.1,25.31,25.91
"626",-6.2,-0.6,83.6,27.81,28.36
"1380",-6.1,1.5,81.3,25.95,26.23
"1983",-3.9,0,85.9,25.75,26.15
"706",-7.3,-1.2,87,24.9,25.16
"788",-3.4,-0.9,79.9,27.3,27.99
"2083",-0.7,0.7,73.5,28.56,29.88
"632",-6.3,0.5,85.8,27.45,27.78
"1835",-6,-1,79.6,24.47,25.36
"458",-7.2,2.6,83.9,27.07,27.19
"149",-4.8,1.4,82.5,25.38,25.45
"284",-4.8,1.2,82.7,27.3,27.34
"796",-5.7,-0.4,80.5,27.08,27.44
"1606",-5.2,3.4,88,24.56,24.51
"1980",-5.8,-0.2,86.3,25.33,25.7
"1189",-6.3,-0.3,83.9,25.23,25.59
"416",-5.5,1.2,79.3,26.35,27.42
"1162",-4.5,0.8,84.8,26.32,26.77
"663",-3.2,-1.5,86.7,25.31,25.84
"1289",-5.7,1.8,70,26.33,26.59
"1313",-6.9,0.2,73.7,26.52,27.04
"877",-4.5,1.2,86.1,24.45,25.13
"1079",-5.6,-3.4,83,25.88,26.15
"1108",-5.2,-1.3,81.2,26.55,27.02
"1924",-7.1,-0.8,76.1,24.7,24.75
"1500",-4.6,-2,90.3,25.14,25.68
"175",-7.1,-1.1,83.8,25.31,25.4
"1445",-6.2,0.1,80.9,26.57,26.63
"1029",-5.7,0.1,86,24.86,24.92
"63",-5,2.3,79.6,26.36,27.32
"1688",-6.1,1,75.6,24.31,25.07
"2205",-1.3,-4.5,87.6,26.5,27.54
"1827",-6.3,-0.7,80.9,24.67,25.37
"1198",-4.5,3.3,89.3,25.51,25.88
"304",-1.8,0.8,77.9,26.92,28.28
"384",-5.1,2.2,87.8,24.93,25.41
"1335",-6.2,1,71.8,26.64,27.04
"1234",-7.2,-0.9,80.4,25.99,26.29
"1778",-6.6,-0.6,76.1,25.37,26.61
"174",-5.7,0,85.1,25.35,25.47
"1805",-6.4,1.1,82.2,24.76,24.64
"452",-7,-0.9,79,26.94,27.14
"78",-7.5,-0.1,82.3,26.38,26.55
"1575",-4.5,-0.3,86,24.83,25.13
"2261",-2.1,-3.8,79.8,27.68,28.57
"400",-5.7,0.4,81.4,25.46,26.47
"153",-7.3,-0.1,80.7,25.79,26.05
"479",-3.1,2.4,82.2,27.41,27.93
"1796",-6.9,-1,82.7,25.19,25.57
"1579",-7.5,0.7,83.2,24.99,25.47
"1999",-2.8,-0.7,79,27.26,27.87
"46",-7.2,1.3,83,26.64,26.78
"454",-7.1,1.9,80.4,27.11,27.15
"197",-6.7,-1.9,78.8,25.52,25.82
"1727",-6.4,2,79.7,26.48,26.92
"2207",-0.1,-3,86.1,26.65,28
"1724",-4.3,-1.9,75.7,26.47,27.03
"90",-7.3,0.4,82.7,26.53,26.52
"1333",-5.9,0.1,75.5,26.68,27.09
"779",-4,2.4,80.8,27.37,28.06
"635",-3.2,-1.4,81.6,27.41,27.83
"269",-3.4,3.5,80.8,27.26,27.63
"249",-7.9,1.5,85.5,26.69,26.37
"2062",-6.4,3.5,77.9,29.03,29.32
"2000",-3.8,0.8,77.1,27.44,28.03
"101",-6.4,0.3,80.3,25.83,26.16
"2032",-5.7,0.6,83.1,28.52,28.11
"1343",-7.8,2.4,75.2,26.88,27.2
"1288",-5.2,2.6,73.2,26.2,26.47
"650",-4.1,-0.6,84.1,26.75,27.17
"14",-6.2,-1.5,82.8,27.22,27.26
"683",-3.5,2,85.4,25.75,26.13
"617",-3.1,0.3,77.9,27.18,28.62
"1",-5.9,2.1,87.1,27.21,27.43
"580",-4.7,-0.3,79.2,28.14,28.61
"551",-4.2,0.6,78.6,27.3,28.4
"1047",-7.6,-1.3,84,25.62,25.58
"2055",0.6,1,78.8,28.54,29.02
"1564",-7,1.2,81.1,25.36,25.96
"1156",-4.2,0.8,82.1,26.58,27.77
"887",-6.4,0.3,80,24.88,25.33
"9",-5,1.2,85.2,27.35,27.4
"1824",-5,1.5,81.4,24.85,25.16
"848",-5.6,-0.5,87.7,24.35,24.8
"1247",-7.8,0.7,78.7,25.86,26.14
"417",-5.7,3.4,81,26.41,27.16
"529",-5,-3.5,80,27.13,28.27
"1417",-5.4,0.2,78.9,26.21,26.99
"1241",-6.7,-1.1,86,25.48,25.68
"658",-5.8,-2,86.2,26.37,26.52
"985",-7.1,-1.4,79.6,26.04,26.44
"586",0.3,-0.8,74,28.31,29.29
"1716",-7,-1,80.4,24.07,23.87
"157",-7.8,0.6,81.9,26.03,26.28
"812",-6.9,0.7,79.6,27.1,27.69
"432",-7.4,2,80.3,26.84,27.24
"486",-7.3,2.7,77.5,27.79,27.89
"338",-7.3,-0.5,83.7,26.17,26.61
"1382",-4.9,0.8,82.8,25.74,25.95
"444",-7.2,1.5,78.7,26.91,27.23
"368",-7.1,-2.3,81.8,25.78,26.15
"206",-7.3,-0.3,82.6,25.91,25.93
"1767",-6.2,2.8,78.9,25.03,25.36
"1539",-3.7,1.2,84.7,25.85,26.38
"681",-3.3,-0.6,87.4,25.37,25.82
"746",-5,3,88.2,25.27,25.74
"1764",-4.5,2.6,87,25.4,25.19
"775",-5.7,-0.4,80.8,27.22,27.82
"2133",-2.3,0.8,79.8,28.28,29.66
"544",-4.2,1,75.4,28.29,28.67
"1931",-9,-2.7,74.4,24.34,24.79
"1166",-3.2,-1.1,88.3,25.56,26.17
"631",-7.1,-1.4,86.1,27.66,27.87
"817",-5.8,1.6,76.4,26.89,27.33
"1228",-6.8,0.1,77.3,25.97,26.94
"220",-7.9,-1.2,81,26.22,25.98
"856",-3.9,1.1,86.3,24.08,24.52
"951",-6.7,-0.7,75.4,25.36,25.82
"886",-6.2,-2.1,79.3,24.75,25.29
"373",-6.8,1.6,83.6,25.5,25.63
"414",-5.6,-1,79.4,26.65,27.69
"1219",-5.6,2.9,81.9,26.03,26.32
"1379",-6.1,0.6,81.3,25.98,26.15
"1428",-5.1,0,84.4,26.14,26.3
"166",-7.7,0.7,77.1,26.1,26.34
"541",-7.1,0.1,75.7,28.34,28.45
"552",-4.8,-1.4,74.2,28.18,28.69
"437",-5.4,2.6,79.4,26.63,27.34
"522",-0.6,0.9,82.1,26.81,28.04
"1467",-3.3,-1.4,85.8,25.76,26.53
"1361",-8.7,0.2,75.4,26.26,26.78
"1412",-4.7,-1,89,25.38,25.52
"723",-6.8,0.6,84.8,24.49,25.13
"445",-5.8,3.7,79.7,26.96,27.22
"1015",-8.2,-1.2,77.4,25.14,25.44
"2174",-0.6,-4,79.8,28.6,29.39
"104",-6.4,0.1,78.7,25.72,26.02
"464",-5.7,-0.6,79.7,27.26,27.16
"95",-8.9,-0.2,76.3,26.41,26.44
"1430",-5.9,-1.9,83,25.89,26.21
"371",-7.5,-1.5,87.7,25.6,25.82
"387",-1.1,2,88.7,25.09,25.85
"1359",-6.9,0.4,75.2,26.39,26.8
"271",-2.7,3.6,78.4,27.26,27.66
"323",-5.9,3.5,84.9,27,27.43
"2004",-4.9,-2,81.8,27.65,27.86
"1358",-7,0,76.7,26.21,26.74
"655",-4.7,-1.1,87.1,26.62,27
"75",-7.4,-0.4,84.6,26.5,26.57
"1160",-7.7,-0.8,83.1,26.59,26.76
"2111",-4.6,-1.9,79.1,28.32,29.65
"637",-4.6,-0.1,85.8,27.24,28.09
"1978",-7.1,-2.9,84.9,25.47,25.81
"1291",-3.7,0.5,73.5,26.07,26.72
"561",-3.6,-0.9,81.1,27.11,27.93
"1306",-5.5,-0.2,67.8,26.37,27.13
"1705",-6.8,-1.4,84.9,23.64,23.51
"2039",-2.7,1.7,79.8,28.07,28.39
"482",-5.9,-0.7,79.6,27.67,28.06
"289",-7.1,0.1,86.3,27.48,27.75
"889",-5,0.4,82.6,25.19,25.56
"1806",-7.5,1.2,80,25.08,24.98
"1325",-5.7,3.3,75.7,26.84,27.34
"196",-7.7,-1,79.4,25.55,25.77
"2298",-4.7,-1.2,89.2,23.46,23.11
"1084",-3.2,-0.6,84.8,25.92,26.28
"1117",-2.2,-2,77.8,26.27,27.06
"251",-8.2,0.3,83.5,26.46,26.36
"965",-4.6,2.8,82,25.55,25.73
"888",-4.4,2.4,82.6,24.92,25.36
"1624",-6.6,0.1,86.5,24.5,24.72
"2226",-0.6,-7.4,75.7,27.96,28.91
"1485",-5.3,1.6,84.1,25.88,26.2
"213",-6.5,-0.8,81.8,26.03,26.1
"2276",-3.5,0.4,90.8,27.66,27.73
"901",-6.1,0.9,80.7,25.32,26.01
"2220",-3.1,-5.3,81.3,27.84,28.5
"1088",-2.5,-0.6,84.8,26.22,26.43
"625",-6.5,-0.5,82.7,28.02,28.48
"713",-8,-0.6,86.9,24.49,24.43
"859",-4.8,1.4,83.5,24.7,25.03
"1071",-3.7,0.8,77.2,26.41,27.29
"204",-7.6,-2.3,77.2,25.78,25.9
"1627",-7.1,-1.6,81.3,24.42,24.4
"47",-7.8,0,84.8,26.37,26.49
"2073",-5.8,1.5,75,28.28,29.4
"2186",-0.3,-5.6,81.7,28.04,28.88
"391",-4,2.3,87,24.97,25.47
"816",-4.3,0.1,77.6,26.49,27.38
"1465",-5.5,-0.2,84.2,26.03,26.46
"1651",-6.3,-0.7,80.4,24.11,25.16
"55",-5.5,0.2,87.2,25.69,25.82
"236",-7.5,2,78.5,26.37,26.05
"2105",-2.3,-1.4,77.6,28.75,29.89
"490",-7.9,0.4,73.5,27.64,27.97
"82",-4.9,3.4,82.8,26.76,26.83
"68",-4.1,2.8,81.4,26.54,27.17
"656",-5.6,-0.3,87.8,26.48,26.71
"2297",-4.9,-1.4,87.3,23.56,23.37
"1703",-7.9,-0.9,80,24.35,24.36
"1039",-7.2,-1.7,79.3,25.27,25.56
"1080",-6.4,-2.1,83.3,25.74,25.92
"778",-2.7,0.5,78.6,27.33,28.21
"428",-6.3,1.5,81.7,26.74,27.24
"1865",-5.4,1.1,82.2,24.16,24.8
"1150",-3.9,-0.7,76.5,26.09,26.94
"2271",-4,-2.9,87.7,28.39,28.41
"2169",-1.4,-2.8,86.1,27.68,29.21
"1400",-7.7,-0.1,75.1,26.46,27.03
"203",-6.8,-2.1,80.4,25.8,25.86
"1293",-6.3,0.4,72.9,26.24,26.76
"516",-2.5,-2,80.3,27.19,27.92
"1953",-5.5,0.4,79.7,24.73,25.44
"2130",-3.3,-4.4,79.1,28.64,29.71
"578",-2.7,-3.6,82,27.27,28.64
"139",-6.4,0.2,83.3,24.87,25.02
"1093",-5.6,-1.4,80.2,26.97,27.44
"805",-5,2.9,79,26.92,27.37
"243",-8.5,-0.2,76.3,26.18,25.96
"7",-3.9,2.8,83.7,27.39,27.62
"1962",-7.1,-1.6,83.9,25.04,25.52
"2097",1.3,-2.5,80.2,28.24,29.76
"1666",-5.8,-0.8,83.7,23.49,23.83
"382",-6.1,-2.2,85.6,24.88,25.47
"427",-6.5,1.4,79.2,26.66,27.24
"863",-6.6,2.7,81.8,24.59,25.12
"1889",-8.2,-2.2,77.7,24.23,24.76
"1433",-7,0,81.9,26.06,26.35
"2231",-3.2,-5.7,81.7,27.68,28.38
"1620",-7.1,3,80,25.05,25.85
"1063",-4.8,-0.2,87.9,24.9,25.03
"205",-7.5,0.5,78.9,25.84,25.87
"1687",-7.8,-0.1,75.6,24.19,24.69
"1523",-6.3,-0.3,84.1,25.72,26.13
"1012",-5.8,0.2,81,24.88,25.13
"103",-6.7,-0.5,80.9,25.72,25.94
"2075",-2,-0.8,77.6,27.92,29.46
"1364",-8.1,1.5,78.4,26.11,26.21
"378",-7.5,-0.6,85.1,25.28,25.76
"513",-6.9,-0.3,81.1,27.21,27.43
"1759",-8,-1.6,79.9,25,25.12
"1746",-6.1,0,80.3,25.98,26.18
"840",-7.6,-2,83.9,25.03,25.2
"1486",-4.8,-0.5,82.4,25.95,26.46
"615",-2,0.7,72.9,26.79,28.45
"880",-4.2,1.2,83.3,24.55,24.8
"450",-6.5,0.8,79,27.01,27.19
"665",-5.8,0.3,85.8,25.26,25.74
"2230",-2.8,-5.4,80.2,28,28.63
"614",-5.2,-2.7,76.7,27.71,28.52
"740",-7,0.4,91.4,24.71,25.14
"1656",-4.2,0.1,85.7,23.53,23.65
"1145",-5.6,-0.7,78.1,26.34,26.71
"1394",-6.9,1.3,82.4,26.39,26.56
"2203",-0.3,-5.4,86.5,27.29,28.14
"39",-6.8,-0.8,82.4,26.41,26.44
"864",-5.4,1.9,84.1,24.45,24.97
"721",-7.6,1.1,86.1,24.46,25.07
"1170",-2,-0.1,83.8,25.76,26.51
"1954",-5.4,-0.8,77.6,24.89,25.56
"1513",-4.3,-1.3,82.8,25.58,25.91
"2248",-1.3,-1.1,78.3,27.09,27.95
"814",-5,-0.3,77.8,26.36,27.36
"364",-6.9,-0.4,88.6,25.81,26.05
"800",-4.2,3.2,79.7,26.79,27.06
"739",-8.3,-1.4,87.2,24.96,25.09
"666",-5.6,-2,87.6,25.38,25.73
"1044",-7.5,-1.4,83.5,25.57,25.66
"2176",-1.4,-2.8,76.5,28.52,29.27
"1732",-4.9,-0.4,78.6,26.69,27.59
"1679",-6.1,-0.6,87.7,23.64,23.49
"606",-6.2,-0.5,81.1,27.88,28.73
"1634",-5.6,-0.8,83.3,22.94,23.28
"759",-2.9,-1.2,79.6,27.46,27.95
"953",-7,0.2,77.9,25.34,25.73
"2268",-2.5,-2.4,76.1,28.6,29.88
"690",-6.6,1.8,86.4,25.64,26.03
"2136",-3.2,-3.6,80.2,28.32,29.74
"1959",-7.2,0.1,83.6,25.18,25.52
"16",-5.1,1.2,86.5,27.31,27.32
"2213",-3.3,-6.8,78.7,27.8,28.86
"1708",-7,-2.6,84.9,23.18,23.07
"1091",-3.9,-1.1,82.1,26.57,27
"607",-6.6,-1.6,78.4,28.5,28.67
"1475",-6,1.6,82.3,26.88,27.32
"1413",-3.3,-1.8,89.9,25.15,25.39
"556",-7.7,-0.2,81.7,28.13,28.33
"2223",-1,-2.5,83.2,26.93,28.57
"1464",-8,-1.2,81.1,26.27,26.52
"1476",-5.8,0.2,84.3,26.71,27.16
"1862",-8.4,0.4,78.3,24.64,24.87
"945",-6.9,-1,80.6,25.19,25.44
"1969",-6.4,-0.9,85.7,25.24,25.62
"346",-6.5,1.4,84.1,26.2,26.35
"1882",-7.3,0.2,78,23.78,24.38
"749",-8.3,-1.9,82.2,26.09,26.97
"1494",-6,-1.6,83.3,25.41,25.85
"224",-5.4,-1.9,80.1,26.04,26.15
"1860",-6.9,-0.7,84.5,24.6,24.66
"124",-7.6,0.2,82.2,25.27,25.6
"1146",-4.5,-0.2,80.9,26.34,26.73
"1591",-5.6,0.3,85.3,23.58,23.89
"1229",-7.3,-1.3,80.9,26.13,26.87
"808",-2.8,1.4,78.1,26.68,27.57
"1352",-7.1,0.6,81.3,26.59,26.66
"1341",-8.6,-0.1,75.2,26.77,27.34
"1940",-7.7,-1.1,76,24.93,25.16
"1894",-5.5,0.6,82.6,24.27,24.38
"192",-3.1,0.8,80.3,25.25,25.67
"1545",-6,0.4,78.8,26.39,27.28
"1811",-6.8,1.2,80.2,24.57,25.19
"1629",-7.4,-2.3,79.2,24.11,24.33
"623",-4.5,-0.3,81.7,27.67,28.63
"1555",-7.5,0.8,80.3,25.54,25.69
"974",-8.5,0.4,74.8,26.27,26.85
"1331",-7.2,0.5,76.7,26.81,27.26
"1908",-8.9,-1.4,81.7,24.17,24.18
"1074",-5.5,-2.2,80.9,26.16,26.43
"1100",-3.9,-0.9,82.7,26.42,26.76
"502",-9.1,1.7,76.1,27.9,28.03
"1284",-6.1,1.6,79.8,25.74,26.64
"629",-5.4,-0.6,85.4,27.74,28.04
"401",-5.5,0.9,83,25.62,26.4
"1161",-4.9,0,80.9,26.37,26.73
"963",-6.8,0.6,80.7,25.39,25.56
"207",-6.8,-0.1,84.8,25.89,25.95
"1482",-4.1,0.5,83.4,25.97,26.47
"960",-1.8,1.7,76.8,25.41,25.92
"857",-3.6,2.5,83.3,24.57,24.92
"34",-6.2,1.8,84.9,27.17,26.89
"1617",-6.6,1.4,83.9,24.93,25.07
"1133",-6.4,-1.4,80.1,26.8,27.05
"1856",-7.4,-2.1,80.8,24.46,24.8
"973",-7.6,-1.1,72.8,26.15,26.81
"216",-6.7,-0.1,84.2,26.05,26.18
"1076",-5.4,-1.8,79.7,26.15,26.7
"1363",-9.2,1.3,80.1,26.31,26.7
"1249",-6.3,1,83.7,25.7,26.17
"326",-7.5,1.4,85.5,26.91,27.21
"2165",1.4,-1,78.3,28.6,29.5
"227",-8.2,-0.9,83.6,26.24,26.04
"1934",-7.2,-1.9,82,24.38,24.71
"2188",-0.1,-5.2,81.7,27.64,28.43
"1453",-3.1,-2.6,83,26.23,26.72
"2198",-3,-7.2,81.7,27.88,28.74
"2278",-6.2,-3.1,89.2,27.59,27.5
"571",-0.7,0.4,78.1,27.75,28.31
"1723",-5.5,-0.8,78.9,26.32,26.61
"36",-6.1,0.1,86.4,26.7,27.16
"855",-4,0.5,87.3,23.97,24.41
"830",-3.9,-1.3,86.7,24.85,25.3
"1777",-4.6,-0.7,74,25.48,26.57
"1236",-8.3,0.3,81.8,26.05,26.6
"1755",-6.8,-1.1,79.3,25.3,25.4
"592",-4.5,-0.7,78.7,28.37,28.83
"1045",-6.3,-0.8,83.6,25.53,25.64
"1173",-4.4,-0.8,83.7,25.86,26.42
"1176",-4.7,0,85.7,25.78,26.33
"1994",-3,1.1,82.6,26.58,27.76
"1842",-6,-0.8,81.8,24.5,24.74
"1888",-7.2,1,77.1,24.12,24.85
"2243",-0.7,-7.2,81.7,27.25,27.76
"1499",-6,0.7,85,25.57,25.73
"1958",-6.8,-1.5,80.3,25.08,25.59
"1187",-7.9,-1.5,80.3,25.25,25.77
"1616",-5.4,2.8,85.7,24.64,24.97
"667",-6,-1.9,86.3,25.49,25.64
"687",-4,0.2,87.7,25.81,26.17
"1566",-6.5,2.6,80.3,25.17,25.57
"173",-7.5,1.5,83.3,25.5,25.66
"1143",-5.6,-1.9,78.9,26.74,27.03
"302",-5,1.1,81,27.08,27.89
"138",-7.8,0.7,84.7,24.99,25
"505",-6.5,0.3,80.9,26.83,27.87
"379",-6.9,-1.4,88.2,25.06,25.4
"911",-5.6,2.2,76.5,25.7,26.23
"885",-5.9,-0.2,79,24.58,25.27
"241",-6.9,-1,77.2,26.18,26.18
"372",-7.8,-1.4,85.5,25.51,25.67
"1809",-8.9,0,76.2,24.99,25.53
"1681",-7.6,-1.5,81.7,23.76,23.57
"1276",-6.1,-2.5,79.8,25.58,26.81
"292",-2.5,3.8,87.2,27.4,27.45
"120",-7,1.4,83.6,25.38,25.57
"1683",-8.1,-0.6,84.5,24.31,23.95
"766",-4.9,-0.4,80.4,27.76,28.33
"255",-7.3,1.9,86,26.2,26.07
"1008",-6.3,0.6,82.5,24.86,25.1
"2201",-3.9,-4.4,86.1,27.29,28.33
"2283",-3.4,-1.4,92.3,26.53,26.42
"978",-8,-1.5,76.6,25.87,26.31
"360",-7.5,2.2,84.3,26.31,26.61
"1046",-6.9,-0.3,83.6,25.62,25.65
"2123",-2.8,2.3,79.5,28.2,29.69
"1283",-5.4,2.7,79.8,25.84,26.92
"1178",-6.3,-0.6,83,25.58,25.99
"1337",-6.6,2.8,75.2,26.96,27.23
"599",-1.6,0.4,82.5,26.92,28.39
"1136",-4.1,-0.6,82.3,26.81,27.07
"79",-7.7,-0.2,81.8,26.57,26.56
"1823",-4.7,1.3,81.8,24.33,24.59
"1208",-6.1,-1.2,81.8,25.49,25.92
"651",-4.1,-1,83.7,26.68,27.21
"1918",-6.6,-0.9,75.8,24.22,24.74
"1488",-5.2,1.3,80.5,25.8,26.9
"438",-7.3,-0.3,80.4,26.82,27.25
"661",-7,0.2,87.2,25.91,25.88
"1782",-7.3,-1.9,80.6,25.6,26.54
"1321",-6.9,1.4,73.3,26.75,27.22
"1053",-7,-1.8,83.2,25.35,25.55
"1504",-5.4,-0.2,82.9,25.09,25.26
"773",-6.4,-0.6,78.8,27.52,27.68
"1299",-5.3,0.3,73.4,26.45,26.98
"1768",-5.8,0.9,77.8,24.66,25.18
"1719",-5,-0.2,83.6,25.93,26.2
"2022",-3,1.8,80.4,27.62,27.91
"1973",-7,-1.1,88.3,25.46,25.47
"735",-4.5,-1.3,85.8,24.29,24.71
"1273",-5.7,0.6,81.4,25.37,26.43
"1535",-6.8,-1.2,82.2,25.75,25.88
"171",-9.5,0.3,81.6,26.01,26.02
"143",-5.5,3.7,89.3,25.04,24.91
"1396",-6,1.9,80.2,26.3,26.62
"1740",-8.5,-2.7,78.1,26.46,26.72
"555",-7.8,-1.5,80.2,28.03,28.37
"80",-7.7,-0.2,79.2,26.72,26.64
"600",-0.8,-0.1,80.6,27.36,28.69
"1003",-8,-0.8,76.3,25.13,25.68
"1678",-5.8,-0.8,86.9,23.53,23.46
"118",-5.9,0.9,84.2,25.56,25.71
"1514",-4.2,-0.9,82.7,25.56,26.01
"642",-5.1,0.6,84.5,27.25,27.78
"1923",-7.2,-1.4,77.4,24.62,24.71
"1657",-5,0.2,79.6,23.61,23.82
"1085",-3.2,-2,84.3,26.09,26.47
"2104",-2.4,-1.7,76.1,28.75,29.83
"431",-6.9,1.2,82.6,26.88,27.26
"2112",-3.1,-0.3,79.5,28.44,29.66
"1061",-3.6,-0.3,83.2,24.72,25.24
"794",-5.7,1.1,79.8,27.28,27.51
"1604",-7.7,-0.8,82,24.34,24.68
"1911",-5.9,-0.2,87.9,23.99,24.22
"2182",-4.5,-7.2,85.8,27.92,28.94
"274",-5.6,1,81,27.3,27.7
"350",-4.6,-1,87.5,26.06,26.52
"1118",-4,-0.3,76.3,26.57,27.08
"789",-6,-1.4,81,27.42,27.93
"1582",-7.6,1.8,82.6,24.43,24.99
"1660",-6.8,-2,82.1,23.96,24.14
"52",-6.2,-0.2,86.5,26.21,26.03
"657",-5.7,-1.2,86.4,26.5,26.68
"336",-6.1,-1.3,84.1,26.12,26.47
"806",-2.2,0.3,77.5,26.77,27.28
"335",-6.1,-0.9,85.8,26.16,26.55
"819",-4.9,0.6,76.6,26.73,27.46
"1323",-4.7,-0.3,70.9,26.65,27.37
"1563",-7.6,1.4,79.2,25.51,25.89
"1747",-7.7,0.6,80.3,25.97,26.26
"682",-3.7,1.1,86.3,25.53,25.88
"962",-6,-0.1,81,25.31,25.7
"1707",-7.5,-2.1,82.5,23.64,23.57
"1695",-6.1,-0.6,84.1,24.35,24.11
"715",-6.1,-2.5,85.2,24.92,25.69
"1565",-6,1.5,81.3,25.32,26.1
"798",-5.9,-1,78.3,26.77,27.16
"463",-6.3,0,78.4,26.92,27.09
"1263",-3.6,0.3,84.5,24.86,25.78
"1946",-7.2,-1,82,25.12,25.27
"841",-8.2,-3.2,80.1,24.7,25.01
"1462",-7.4,-0.7,79.9,26.45,26.96
"1804",-6.3,0.1,83.9,24.4,24.35
"738",-8.5,-0.8,85.9,25.07,25.05
"1662",-5.4,1.8,82.9,24.15,24.52
"1506",-4.1,0.4,84.3,25.18,25.41
"1710",-5.8,-1.2,82.5,22.86,22.61
"1227",-8,1.2,77,26.1,26.96
"202",-8.1,-0.9,81.8,25.77,25.95
"1373",-7.4,0.1,80.8,25.96,26.24
"1832",-5.5,1.2,78.6,24.65,25.27
"1623",-6.2,1.7,86.1,24.54,24.83
"1349",-6.2,1.1,79.4,26.39,26.85
"708",-8,-1.8,85.9,24.53,24.6
"1300",-6.2,3.1,75.5,26.54,26.95
"1528",-3.9,0.1,81.1,25.39,26.06
"1055",-7.1,0.1,83.5,25.13,25.37
"2219",-4.2,-6.1,82.4,27.6,28.4
"67",-6,-0.2,78.9,26.41,27.32
"107",-8.4,-0.3,79.1,25.85,25.91
"2286",-5.1,-2.5,92.3,26.03,25.7
"1466",-3.6,0.6,86.1,26.15,26.55
"11",-5.8,0.8,82.9,27.26,27.34
"94",-8.5,-0.2,79.2,26.39,26.35
"1444",-5.1,-2.5,83.6,25.38,26.51
"772",-6.1,0.2,79.1,27.45,27.79
"180",-7.3,0.5,86.1,25.15,25.32
"699",-8,-0.5,84,24.99,25.03
"1098",-1.8,-2.9,81.3,26.65,27.47
"1875",-5.5,2,81.9,23.87,24.44
"1429",-6.7,-1.5,84.2,25.85,26.31
"1425",-6.8,-0.9,83,25.91,26.07
"720",-7.3,1,87.2,24.35,24.72
"2030",-4.5,1.9,85.5,27.74,28.14
"2215",-0.1,-4.5,79.5,27.8,28.84
"1831",-6.3,-0.9,77.6,24.49,24.94
"742",-4.2,0.2,92.9,24.5,24.81
"512",-4.2,1.4,82.7,26.91,27.44
"240",-6.6,2,78.7,26.24,26.19
"941",-7.4,-0.2,80,25.12,25.59
"2026",-4.6,0.1,83.1,27.7,27.94
"187",-5.8,0.3,82.8,25.09,25.29
"1672",-8.1,-1.6,80,23.92,24.02
"1290",-5.5,1.3,71.1,26.15,26.64
"1479",-5.6,1.2,82.8,26.11,26.58
"917",-6,1.9,76.6,25.76,26.3
"992",-6.6,-0.6,80.4,24.88,25.3
"1770",-6.1,-0.6,82.2,25.39,25.48
"74",-6.2,1.3,83.8,26.54,26.81
"1590",-6.4,1.1,86.1,23.7,23.89
"807",-2.8,-0.9,77.5,26.91,27.57
