"","zonal_winds","meridional_winds","Humidity","air_temp","sea_surface_temp","buoy","date","month"
"1",-7.8,-1.4,85.5,25.51,25.67,2,1991-08-29,8
"2",-7.6,1.1,86.1,24.46,25.07,2,1992-08-12,8
"3",-2.4,-1.7,77.2,28.04,28.86,2,1998-04-27,4
"4",-9,-2.7,74.4,24.34,24.79,2,1997-01-16,1
"5",-4.9,0.1,82.2,24.4,24.58,2,1997-01-07,1
"6",-3.3,2.6,82.9,25.46,25.86,2,1993-11-22,11
"7",-7.1,0.1,86.3,27.48,27.75,2,1991-06-07,6
"8",-7,2.9,82.1,27.26,27.43,2,1991-07-10,7
"9",-5.7,-1.7,77.9,28.45,28.49,2,1992-04-09,4
"10",-8.2,-0.9,83.6,26.24,26.04,2,1991-01-07,1
"11",-5.8,1,85.2,26.69,26.75,2,1990-05-30,5
"12",-4.8,-0.5,82.4,25.95,26.46,2,1995-05-01,5
"13",-4.8,0.1,84.9,25.38,25.84,2,1992-06-16,6
"14",-1.3,-1.1,78.3,27.09,27.95,2,1998-04-18,4
"15",-6.3,-1.3,80.9,25.24,25.5,2,1994-02-09,2
"16",-6.8,-2,82.1,23.96,24.14,2,1995-10-22,10
"17",-5.5,0.7,83.7,25.6,25.91,2,1995-06-20,6
"18",-4.5,-0.2,85.3,27.3,27.77,2,1992-05-24,5
"19",-1.9,-5.7,80.9,27.96,28.68,2,1998-02-28,2
"20",-6.8,-1.1,82.1,26.26,26.61,2,1991-07-27,7
"21",-6.7,-1.5,83.4,24.1,23.96,2,1996-12-21,12
"22",-5.8,0.3,85.8,25.26,25.74,2,1992-06-17,6
"23",-4.5,4.1,75.9,29.42,28.94,2,1997-06-19,6
"24",-4.8,1.4,70.4,26.19,26.85,2,1994-10-23,10
"25",-5.8,-0.5,79.5,26.57,26.79,2,1994-05-09,5
"26",-6.3,0.4,72.9,26.24,26.76,2,1994-10-20,10
"27",-3.7,1.7,86.8,24.89,25.21,2,1995-07-23,7
"28",-4.6,0.1,83.1,27.7,27.94,2,1997-05-25,5
"29",-6,-0.8,81.3,25.03,25.34,2,1997-01-30,1
"30",-7.4,0.7,78.7,26.03,26.94,2,1994-08-14,8
"31",-5.1,-0.3,89.7,22.32,22.41,2,1995-10-01,10
"32",-6.9,-1.4,88.2,25.06,25.4,2,1991-09-05,9
"33",-6.6,0.5,79.8,25.95,26,2,1996-07-14,7
"34",-3.6,-0.5,81.7,24.76,25.41,2,1993-09-03,9
"35",-5.1,2.7,73.7,26.76,27.24,2,1994-11-18,11
"36",-0.6,-2.2,80.8,27.37,28.12,2,1992-03-18,3
"37",-6.2,-2.3,87.5,26.38,26.72,2,1991-07-21,7
"38",-7.8,-0.9,79.3,26.88,27.57,2,1994-06-06,6
"39",-2.6,4.1,78.3,26.37,26.97,2,1991-10-17,10
"40",-6.1,0.6,79.4,24.2,24.86,2,1996-11-17,11
"41",-5.7,0.1,86,24.86,24.92,2,1994-01-29,1
"42",-5.3,1.2,83.4,26.7,27.19,2,1991-10-30,10
"43",-6.2,-1.3,86.5,23.64,23.53,2,1995-11-11,11
"44",-6.3,0.6,82.5,24.86,25.1,2,1994-01-08,1
"45",-7.6,-0.6,77.8,24.55,25.34,2,1997-01-13,1
"46",-7.2,-1.6,81.7,25.15,25.6,2,1997-02-18,2
"47",-7.1,-1,80.8,24.96,25.16,2,1997-02-01,2
"48",-3.7,-2.7,79.9,26.6,27.08,2,1994-04-16,4
"49",-6.1,2.1,82.4,26.51,26.8,2,1990-07-22,7
"50",-7.8,0.1,77.7,26.31,26.2,2,1990-10-31,10
"51",-3.2,-3.3,83.5,27.6,29.69,2,1998-01-08,1
"52",-6.2,1.8,84.9,27.17,26.89,2,1990-06-03,6
"53",-6.8,1.1,78.2,28.52,28.61,2,1992-04-21,4
"54",-4.8,0.1,79.5,26.01,27.29,2,1994-10-08,10
"55",-2.8,-0.2,72.2,24.62,25.64,2,1993-11-04,11
"56",-6.7,-1.5,82.2,25.88,26.15,2,1990-12-12,12
"57",-5.9,-1.9,83,25.89,26.21,2,1995-03-06,3
"58",-2.8,4.8,81.9,26.96,27.12,2,1993-06-15,6
"59",-6.5,-0.5,82.1,26.22,26.89,2,1991-10-15,10
"60",-8.2,-1.4,79.6,23.96,23.99,2,1995-11-02,11
"61",-5.8,-0.2,76,24.92,25.32,2,1994-01-13,1
"62",-3,-1.3,79,27.73,28.31,2,1993-05-07,5
"63",-5.9,1.5,83,27.83,27.98,2,1997-05-14,5
"64",-7.3,1.1,80.7,24.52,25.04,2,1995-09-03,9
"65",-9.4,0,80.4,23.84,23.96,2,1995-09-24,9
"66",-7.2,-0.4,78.2,26.14,26.51,2,1995-01-03,1
"67",-5.1,-1.2,83.4,24.36,25.28,2,1996-09-26,9
"68",-4.1,-1,83.7,26.68,27.21,2,1992-06-03,6
"69",-6.1,-1.2,83.6,24.76,25.3,2,1994-09-18,9
"70",-5,0.6,82,27.2,28.1,2,1991-06-26,6
"71",-4.9,4.4,83.5,27.62,27.83,2,1991-05-28,5
"72",-6.1,0.1,86.4,26.7,27.16,2,1990-06-05,6
"73",-4.2,1.9,87.2,26.59,27.31,2,1990-05-25,5
"74",-5.1,-1.8,82.7,26.41,26.72,2,1994-04-22,4
"75",-6.6,-1.7,86.1,25.38,25.7,2,1997-03-05,3
"76",-0.4,-2.4,80.2,28.12,29.55,2,1997-11-22,11
"77",-6.2,1.2,78.6,25.83,27.09,2,1994-10-05,10
"78",-5.9,1.6,88.5,25.26,24.82,2,1990-09-24,9
"79",-8.9,-1.4,81.7,24.17,24.18,2,1996-12-24,12
"80",-6.3,-0.4,84.3,24.72,24.61,2,1994-02-02,2
"81",-7.8,0.4,77.1,26.01,25.97,2,1993-12-13,12
"82",-6.8,-1.3,90.8,24.36,24.14,2,1992-08-03,8
"83",-6,1.9,77.1,26.93,27.05,2,1991-11-27,11
"84",-6.4,0.1,78.7,25.72,26.02,2,1990-08-12,8
"85",-4.5,1.2,80.8,27.1,27.56,2,1991-05-14,5
"86",-4.7,-0.6,90.1,24.87,24.93,2,1995-07-24,7
"87",-5.2,1.3,80.5,25.8,26.9,2,1995-05-03,5
"88",-3.8,-1.2,80.2,27.95,28.43,2,1992-03-23,3
"89",-2.8,1.1,81,27.15,27.63,2,1997-04-21,4
"90",-6.2,-0.6,83.6,27.81,28.36,2,1992-05-09,5
"91",-8.7,-1.1,83.2,24.14,24.1,2,1996-12-22,12
"92",-8.6,0.9,81,26.32,26.03,2,1991-01-08,1
"93",-0.9,-0.6,85,26.18,29.54,2,1997-12-04,12
"94",-4.7,2,79.9,24.48,25.45,2,1993-08-19,8
"95",-8.4,-0.5,84,25.68,25.54,2,1994-02-17,2
"96",-7.7,0.9,78.8,24.97,26.09,2,1993-08-23,8
"97",-2.2,-3.7,80.6,27.23,28.43,2,1992-02-05,2
"98",-7,-0.3,78.9,25.89,26.3,2,1993-10-07,10
"99",-7.4,0.1,80.8,25.96,26.24,2,1995-01-08,1
"100",-6.8,-1.1,81.1,25.92,26.3,2,1994-03-19,3
"101",-7.8,-0.6,75.3,26.61,26.96,2,1994-12-11,12
"102",-7.1,-2.1,71.7,27.36,27.96,2,1991-12-24,12
"103",-6.6,-1.3,89.2,24.24,23.97,2,1992-08-02,8
"104",-7.2,1.6,77.4,26.36,26.87,2,1994-12-26,12
"105",-1.6,0.7,72.8,28.48,29.71,2,1997-11-03,11
"106",-3.5,-0.6,81.8,26.89,28.31,2,1992-02-04,2
"107",-6.6,0.2,87.1,24.79,24.84,2,1990-09-04,9
"108",-5.5,3,81,25.82,25.88,2,1993-11-10,11
"109",-6.6,1.1,79.9,26.46,26.75,2,1994-12-19,12
"110",-4.5,0.7,82.8,27.37,28.47,2,1992-05-05,5
"111",-7.1,-1.3,81.3,25.85,26.22,2,1996-07-21,7
"112",-5.5,-2.2,80.9,26.16,26.43,2,1994-03-15,3
"113",-6.4,-1.1,81.3,23.72,23.67,2,1995-10-31,10
"114",-5.9,2.1,87.1,27.21,27.43,2,1990-05-01,5
"115",-2.4,2,80.1,26.6,27.09,2,1994-04-24,4
"116",-5.2,-1,84.7,26.53,26.74,2,1995-04-01,4
"117",-7.3,-0.1,83.2,24.63,24.86,2,1993-12-26,12
"118",-4.5,-1,78.3,27.43,27.91,2,1993-05-15,5
"119",-5,-1.1,82.1,25.02,25.62,2,1994-07-23,7
"120",-5.8,-0.6,80.3,25.01,25.49,2,1994-07-22,7
"121",-7.3,2.7,77.5,27.79,27.89,2,1991-12-21,12
"122",-4.3,-0.2,80.6,26.55,27.14,2,1993-06-17,6
"123",0.2,-3.8,79.8,27.76,28.76,2,1998-03-17,3
"124",-7.6,0.7,79.1,26.16,26.47,2,1990-11-05,11
"125",-5.7,-2.2,83.2,24.04,24.15,2,1992-08-24,8
"126",-6.1,-0.4,89.7,22.55,22.38,2,1995-09-29,9
"127",-2.6,-3.3,81.7,27.37,28.36,2,1998-03-23,3
"128",-3.4,-1.4,92.3,26.53,26.42,2,1998-05-25,5
"129",-4.1,0.1,92.3,26.76,26.44,2,1998-05-22,5
"130",-2.7,-0.6,80.8,27.66,27.76,2,1997-05-20,5
"131",-5.6,1.8,84.5,25.78,25.86,2,1995-06-16,6
"132",-7.4,-0.1,77.7,25.06,25.51,2,1996-08-28,8
"133",-4.1,0.3,83.6,24.14,24.61,2,1993-09-01,9
"134",-8,-1,79.7,25.11,26.13,2,1993-08-27,8
"135",0.2,1.5,81.7,27.6,29.51,2,1998-01-03,1
"136",-5.6,-0.1,80.2,23.79,24.27,2,1996-12-02,12
"137",-6.6,-1,78.1,26.14,25.94,2,1991-01-09,1
"138",-4,1,79,27.1,27.64,2,1991-05-25,5
"139",-4.4,-0.8,85.6,24.68,24.66,2,1994-02-01,2
"140",-5.3,-0.7,79.4,26.61,26.88,2,1994-05-24,5
"141",-4.6,1.1,86.2,24.99,25.27,2,1990-09-17,9
"142",-9.3,0.9,80.1,26.07,26.04,2,1990-11-11,11
"143",-2.2,-2.9,81.3,27.64,29.86,2,1997-12-17,12
"144",-7.7,-0.3,84.1,25.38,25.23,2,1990-11-17,11
"145",-4.6,-0.7,79.9,26.62,27,2,1994-04-17,4
"146",-5.7,3.4,81,26.41,27.16,2,1991-10-13,10
"147",3.3,1.6,75.7,27.84,29.81,2,1997-11-12,11
"148",-0.4,-2.6,76.9,27.64,28.64,2,1998-04-30,4
"149",-6.5,2.6,80.3,25.17,25.57,2,1995-07-20,7
"150",-4.9,1.3,84.2,26.54,26.78,2,1994-04-21,4
"151",-4.8,-0.1,84.1,24.11,24.69,2,1996-11-13,11
"152",-6.1,0.9,79.3,25.25,25.87,2,1993-10-18,10
"153",-6.6,-0.4,85.1,24.77,25.29,2,1993-07-28,7
"154",-5.2,-1.7,80.8,26.98,27.37,2,1995-04-04,4
"155",-0.6,-7.4,75.7,27.96,28.91,2,1998-03-27,3
"156",-6,1.9,72.1,27.5,28.11,2,1992-01-02,1
"157",-2.6,-0.2,80.5,24.6,25.15,2,1993-10-24,10
"158",-6.6,1.8,78.5,26.95,27.35,2,1996-07-07,7
"159",-2.3,0.4,83.7,26.17,26.69,2,1994-06-20,6
"160",-7.5,-0.9,87,25.16,25.54,2,1991-09-07,9
"161",-5.8,-0.8,78.3,27.13,27.09,2,1994-04-30,4
"162",-6.9,-1.6,77.7,25.26,26.22,2,1994-09-29,9
"163",-6.9,0.4,75.2,26.39,26.8,2,1994-12-25,12
"164",-6.1,-1.8,79.2,26.75,27.03,2,1994-05-12,5
"165",-6.8,-1.7,81.6,25.15,25.64,2,1997-02-19,2
"166",-4.7,1.1,85.1,25.21,25.46,2,1995-07-15,7
"167",-0.2,-0.2,77,29.3,29.04,2,1997-06-14,6
"168",-2.3,-1.5,82.8,27.76,29.2,2,1998-01-24,1
"169",-6.4,0.5,82.4,24.63,24.84,2,1996-09-21,9
"170",-6.1,-2.2,84,23.82,23.94,2,1992-08-23,8
"171",-6.3,0.5,85.8,27.45,27.78,2,1992-05-15,5
"172",-2.7,-0.4,84,26.44,27.06,2,1994-05-27,5
"173",-6.5,3.1,79.9,25.25,26.32,2,1995-08-21,8
"174",-4,2.1,78.6,26.97,27.26,2,1994-05-21,5
"175",-5.1,1.6,85.5,26.71,27.88,2,1997-05-15,5
"176",-5.8,-0.6,80.9,27.18,27.56,2,1991-07-04,7
"177",3.4,-4.5,80.6,27.41,27.84,2,1998-03-11,3
"178",-7.2,0.9,79,25.74,26.25,2,1993-10-13,10
"179",-3.2,0.6,79.3,26.46,27.27,2,1996-06-28,6
"180",-6.9,0.9,82.4,25.45,25.95,2,1993-09-24,9
"181",-7.5,2,78.5,26.37,26.05,2,1991-01-16,1
"182",-2.8,-0.9,77.5,26.91,27.57,2,1993-06-21,6
"183",-6.6,2.5,80.9,27.33,27.44,2,1991-07-07,7
"184",-5.3,-2.6,84.8,26.36,27.02,2,1991-08-09,8
"185",-2.8,-2.4,79.5,28.06,28.76,2,1992-04-15,4
"186",-6,1.6,85.7,27.38,27.65,2,1991-05-31,5
"187",-5.4,3.5,73.6,26.58,27.01,2,1994-11-06,11
"188",-7.5,-1.7,77.2,24.34,24.8,2,1997-01-02,1
"189",-4.9,-0.6,89.7,23.33,23.3,2,1995-10-17,10
"190",-7.4,0,83.8,26.58,27.61,2,1992-01-15,1
"191",-8.1,-0.4,80.4,26.18,26.58,2,1994-08-23,8
"192",-4.7,-1.5,80.8,24.88,25.62,2,1994-07-09,7
"193",-2.9,-3.7,86.5,26.89,28.35,2,1998-03-22,3
"194",-6.5,-1.1,81.5,24.42,24.76,2,1997-01-18,1
"195",-5.8,-1.6,88.1,25.28,25.53,2,1992-07-17,7
"196",-3.4,-0.4,84.6,25.6,25.94,2,1995-05-23,5
"197",-7.8,0.4,79.6,25.88,26.11,2,1995-01-09,1
"198",-3.3,0.3,88.8,24.63,24.51,2,1998-05-31,5
"199",-8.3,-2.6,78.8,26.5,27.01,2,1993-07-06,7
"200",-6.2,-1,77,25.83,26.61,2,1994-08-09,8
"201",-5.1,-4.2,79.6,25.81,26.29,48,1997-02-04,2
"202",-7.6,-1.7,79.3,26.43,26.82,48,1992-12-26,12
"203",-7.1,-1.2,81.2,26.8,27.13,48,1994-08-08,8
"204",-6.3,-2.6,78,26.44,26.69,48,1997-01-27,1
"205",-6.4,1.4,85.3,27.13,27.02,48,1996-02-26,2
"206",-4.6,1.6,73,26.47,26.82,48,1996-08-13,8
"207",-7.6,0.6,78.3,26.28,26.47,48,1995-09-28,9
"208",-4.1,-0.9,76.1,29.04,30.01,48,1997-12-17,12
"209",-6.1,-2.4,76.9,27.66,27.75,48,1995-06-30,6
"210",-6.1,-2.3,80.4,27.7,28.05,48,1995-03-21,3
"211",-6.7,-2.9,78.1,26.86,26.85,48,1991-02-09,2
"212",-4.4,-2,76.2,26.44,27.09,48,1993-12-01,12
"213",-5.2,-0.4,86.8,26.72,28.18,48,1994-06-03,6
"214",-5.9,-1.4,81.6,26.6,27.01,48,1993-09-12,9
"215",-3.9,-1.7,84.4,27.59,27.66,48,1996-03-31,3
"216",-5.5,-1.8,83.3,27.52,28.22,48,1994-05-31,5
"217",-5.9,1.2,82.5,26.52,26.97,48,1994-08-04,8
"218",-7.6,-2.2,74.5,27.39,27.63,48,1994-12-28,12
"219",-7.3,-1.3,78.7,26.12,26.55,48,1995-10-08,10
"220",-3.5,-3.3,84.1,26.6,28.25,48,1997-04-28,4
"221",-7.3,-0.7,76.5,27,27.53,48,1993-11-02,11
"222",-7,-2.6,77.3,26.76,27.06,48,1993-12-05,12
"223",-3,-3.1,77.3,27.66,28.15,48,1991-04-07,4
"224",-7.7,-2.9,77.7,26.74,26.8,48,1990-11-17,11
"225",-8,-3.3,80,26.2,26.06,48,1996-02-05,2
"226",-5.9,0.3,78.4,27.42,27.78,48,1997-03-31,3
"227",-5.9,-0.5,78.7,27.68,28.26,48,1994-06-01,6
"228",-6.4,0.6,80.8,25.39,25.98,48,1995-10-22,10
"229",-6.1,2.2,80.5,28.64,29.15,48,1992-05-05,5
"230",-7.4,0.3,77.8,26.03,25.83,48,1995-09-05,9
"231",-6.2,-0.5,78.9,27.31,27.65,48,1995-01-02,1
"232",-8.1,0,86.1,27.59,28.23,48,1996-04-25,4
"233",-8.4,-2.1,81.2,26.8,27.42,48,1994-08-15,8
"234",-5,1.9,66.3,27.42,28.44,48,1997-09-02,9
"235",-7.6,0.4,78.1,26.94,26.72,48,1991-02-04,2
"236",1.3,-2,83,27.95,29.67,48,1998-03-19,3
"237",-6.7,-1,80.8,27.2,27.48,48,1995-01-08,1
"238",-8.7,-0.5,82,27.47,28,48,1993-07-21,7
"239",-4.3,-0.3,80.9,27.8,28.59,48,1994-04-11,4
"240",-4.5,-4.9,85.3,25.97,26.25,48,1996-01-17,1
"241",-5.8,-0.4,83.6,26.4,27.58,48,1993-09-07,9
"242",-0.9,-0.3,80.2,28.45,30.31,48,1998-01-05,1
"243",2.5,1.8,79.8,28.61,29.61,48,1998-04-17,4
"244",-7,-0.2,84.4,26.84,26.98,48,1994-02-24,2
"245",-4.4,-2.3,69.6,27.82,28.38,48,1997-06-16,6
"246",-5.1,-0.8,82.2,27.79,29.23,48,1997-12-01,12
"247",-5.6,0.7,85.7,26.94,26.97,48,1996-03-11,3
"248",-8,-0.6,86.1,27.55,27.91,48,1996-05-23,5
"249",-6.6,-2.5,76.6,26.58,26.93,48,1990-11-23,11
"250",-5.7,-1.4,85.3,28.17,28.34,48,1996-04-23,4
"251",-4.3,-3.1,82,26.92,27.71,48,1995-02-23,2
"252",-7.8,-1.9,79.3,26.82,26.7,48,1990-10-31,10
"253",-1.8,-1.3,85.2,26.58,28.7,48,1993-04-04,4
"254",-7.4,1,75.3,28.45,28.95,48,1997-10-20,10
"255",-8.2,-4.6,73,27.63,28.01,48,1993-07-19,7
"256",-5.3,-2.3,78.8,25.58,26.24,48,1996-12-14,12
"257",-6.3,-0.1,80,27.75,28,48,1996-05-24,5
"258",-3.3,0.3,70.9,28.22,29.2,48,1997-10-31,10
"259",-5,-4,81.6,27.71,28.03,48,1996-05-16,5
"260",-6.8,-0.8,78.7,26.12,26.43,48,1995-09-23,9
"261",-5.5,0.3,78.6,28.65,29.24,48,1997-11-30,11
"262",-7.1,0.1,79.3,28.43,28.74,48,1993-06-07,6
"263",-8.6,1.5,80.2,27.32,27.63,48,1994-07-11,7
"264",-6.8,-3.5,76,26.36,26.85,48,1997-01-24,1
"265",-6.6,-1.7,78,26.72,26.69,48,1997-03-01,3
"266",-7.3,2.8,76.4,27.94,28.41,48,1997-06-24,6
"267",-6.3,-3.3,78.9,26.31,26.68,48,1992-10-24,10
"268",-7.1,-1,80,26.8,26.95,48,1997-02-22,2
"269",3.4,-1.1,77.8,29.27,30.18,48,1998-04-07,4
"270",-6.7,-0.4,84,27.48,28.63,48,1994-05-04,5
"271",-4.7,-0.5,76.1,28.06,29.37,48,1997-12-05,12
"272",-7.5,-1.3,81.2,25.74,25.45,48,1995-11-01,11
"273",-7.2,-0.3,83.6,27.47,28.15,48,1993-03-12,3
"274",-6.6,-1,87.3,26.47,26.05,48,1996-02-13,2
"275",-6.4,-1.4,77.4,27.35,27.59,48,1995-02-01,2
"276",-6,1.6,86.9,27.75,28.02,48,1996-04-14,4
"277",-6.4,-0.6,79.7,26.11,25.92,48,1995-09-07,9
"278",-4.7,-2.4,78.5,26.2,26.9,48,1992-12-16,12
"279",-4.6,0.9,76.4,27.58,28.36,48,1997-07-23,7
"280",-6.1,0.5,79.2,26.6,26.82,48,1997-03-03,3
"281",-1.1,-1.4,85.6,26.85,27.62,48,1995-02-19,2
"282",-6.7,0.1,84.1,27.51,27.91,48,1995-03-25,3
"283",-7.9,-1.3,79,27.28,27.9,48,1994-03-06,3
"284",-6.4,-2.9,77.7,26.39,26.79,48,1992-10-11,10
"285",-3.3,-5,74.8,26.05,26.83,48,1996-11-19,11
"286",-7.3,-2.8,78.8,26.6,27.1,48,1994-08-18,8
"287",-8.1,-1.1,80.1,26.64,27.04,48,1994-08-24,8
"288",-7.2,-0.5,79,27.7,27.67,48,1995-06-28,6
"289",-7.8,-1.9,74.8,26.44,26.76,48,1996-10-29,10
"290",-5.3,-2,78.1,26.52,27.04,48,1993-11-27,11
"291",-5.4,-1.2,82.1,27.93,28.34,48,1995-05-08,5
"292",-5.8,-1.1,80.5,26.64,27.52,48,1993-09-10,9
"293",-6.4,1.9,82.5,27.89,27.74,48,1995-04-02,4
"294",-4.7,-1.6,81.2,27.55,27.91,48,1996-05-30,5
"295",-8.9,-1.5,75,26.82,26.8,48,1990-11-11,11
"296",-7.6,-0.5,78,26.09,26.33,48,1996-09-21,9
"297",-8.8,-0.9,78.5,26.82,26.75,48,1990-11-08,11
"298",-6.5,-0.7,76.5,26.88,27.41,48,1993-11-09,11
"299",-7,-3.7,78.1,26.7,26.85,48,1991-01-21,1
"300",-6.7,-2.3,78.3,27.97,28.17,48,1995-05-26,5
"301",-5.8,0,79.7,26.88,27.36,48,1993-10-08,10
"302",-6.4,0.5,82.6,28.12,28.4,48,1994-04-08,4
"303",-6.8,-1.6,78,26.84,27.41,48,1994-08-12,8
"304",-8,-0.6,75.2,26.6,26.85,48,1996-12-31,12
"305",-8.9,0,80.4,27.52,27.28,48,1996-07-09,7
"306",-7.7,1.1,84.5,27.6,28.55,48,1994-05-06,5
"307",-3.9,-2.5,77.9,27.74,28.24,48,1995-05-30,5
"308",-7.7,-1.4,86.6,28.34,28.99,48,1998-05-21,5
"309",-7.9,-1.8,75.7,27.08,27.11,48,1995-08-07,8
"310",-7.6,1.6,82,28.75,29.09,48,1992-05-09,5
"311",-6.7,-2.5,76,26.28,26.85,48,1997-01-23,1
"312",-1.9,-2.6,80.8,27.28,28.89,48,1994-04-28,4
"313",-6.6,1,74.4,27.46,28.13,48,1997-08-17,8
"314",-6.5,-3.1,72.6,26.39,27.01,48,1996-08-07,8
"315",-5.7,1.3,83.6,27.4,27.36,48,1996-03-18,3
"316",-7.3,-1.7,82,25.7,25.28,48,1995-12-25,12
"317",-6.8,-1.5,76.7,27.74,28.03,48,1995-07-03,7
"318",-6.1,-1.1,82.9,25.73,26.26,48,1996-12-15,12
"319",-6.9,-5.6,72.4,26.05,26.8,48,1996-12-05,12
"320",-7.9,0,83.6,26.86,26.65,48,1991-01-30,1
"321",-7.3,-2.8,74.4,26.13,26.55,48,1997-01-17,1
"322",-2.6,-3.6,76.9,28.69,30.13,48,1998-02-12,2
"323",-6.9,1.5,81.6,27.35,27.5,48,1993-07-27,7
"324",-6.1,-2.8,80.9,26.28,26.81,48,1996-10-12,10
"325",-3.2,-0.6,71.4,26.12,27.19,48,1994-09-24,9
"326",-1.5,0.9,81.8,28.53,30.05,48,1998-04-04,4
"327",-7.3,-1.4,80,25.93,26.46,48,1996-09-20,9
"328",-8.4,-0.9,81.6,26.9,26.74,48,1991-01-25,1
"329",-4.8,-1.3,78.6,26.48,27.14,48,1994-10-09,10
"330",-3.4,1.1,79,28.45,29.62,48,1998-05-08,5
"331",-6.6,-1.9,74.6,27.75,28.32,48,1993-06-30,6
"332",-8.4,1.7,80.4,27.36,27.65,48,1994-02-11,2
"333",-6.5,1.5,78.2,27.58,27.99,48,1995-06-16,6
"334",-6.9,-2,78.9,26.2,26.44,48,1992-09-21,9
"335",-5.5,0.8,73,26.73,27.29,48,1994-10-18,10
"336",-6.6,-1.5,75.4,26.76,27.07,48,1993-09-21,9
"337",-7.7,0,70,28.41,28.91,48,1997-10-08,10
"338",-6.7,2.1,74.7,26.7,26.97,48,1996-08-18,8
"339",-7.3,2.2,78.3,27.01,27.08,48,1996-08-01,8
"340",-8.5,0.4,79.7,27.62,27.94,48,1995-01-24,1
"341",-6.3,-0.1,78.4,27.74,28.23,48,1997-04-09,4
"342",-6,-0.3,80.1,28.43,29.13,48,1993-05-24,5
"343",-6.1,-1.1,70.8,27.58,28.25,48,1997-08-05,8
"344",-5.6,-2.3,79.7,27.83,28.89,48,1993-05-28,5
"345",-5.2,-1.7,75.4,26.12,26.76,48,1992-09-25,9
"346",-8,-0.6,73.6,27.94,28.19,48,1997-07-20,7
"347",-8,-1.7,79.1,26.56,27.04,48,1994-08-22,8
"348",-6,-2.3,77.3,26.16,26.58,48,1992-09-22,9
"349",-8.5,-0.7,79.5,27.7,27.88,48,1995-01-25,1
"350",-7.7,0,77.9,26.05,25.89,48,1995-11-09,11
"351",-6.7,-1.1,83.4,27.59,28.73,48,1998-06-07,6
"352",-7.5,-1.9,80.9,27.02,26.87,48,1991-02-19,2
"353",-6.6,-2.7,69.5,26.2,27.03,48,1992-11-24,11
"354",-4.4,-2.8,78.5,26.2,26.8,48,1993-01-04,1
"355",-5,1,78.4,27.7,28.2,48,1997-04-20,4
"356",-8.1,-1.2,77.5,25.97,25.92,48,1995-11-13,11
"357",-6.3,-5.5,74,26.17,26.67,48,1997-01-28,1
"358",-6.8,-3.5,79.5,26.6,27.17,48,1994-08-17,8
"359",-5,-3.1,78.9,26.23,26.91,48,1992-10-16,10
"360",-7,0.5,77.5,27,27.02,48,1995-07-24,7
"361",-7.3,1.6,71.2,27.54,28.2,48,1997-07-14,7
"362",-6.1,0.5,79.6,26.64,27.03,48,1997-02-24,2
"363",-4.7,-2.7,82.9,27.31,27.52,48,1995-02-26,2
"364",-3.8,-4.4,78.1,26.46,26.81,48,1990-11-28,11
"365",-7,-2.2,76.1,27.51,27.69,48,1994-12-12,12
"366",-4,-2.3,81.6,25.43,25.65,48,1995-12-18,12
"367",-6.3,-0.5,82.4,27.83,27.9,48,1996-05-20,5
"368",-3.4,1.1,74.1,28.02,29.27,48,1997-11-11,11
"369",-7.3,-0.9,65.5,27.42,28.28,48,1997-07-27,7
"370",-4.1,0.4,66.7,27.5,28.29,48,1997-08-06,8
"371",-5.5,-3.1,80.1,26.27,26.84,48,1992-12-20,12
"372",-6.8,0.7,71.6,26.25,27,48,1996-12-01,12
"373",-8.1,0.8,82.4,26.72,27.18,48,1994-09-05,9
"374",-1.4,-3.2,80.1,28.44,29.31,48,1993-04-21,4
"375",-4.8,-4,74.2,26.43,26.99,48,1993-01-21,1
"376",-8.7,0.4,84.2,27.88,28.36,48,1994-05-13,5
"377",-7.4,-0.7,80.9,26.7,26.83,48,1991-01-11,1
"378",-6.2,-2.6,78.9,26.62,26.88,48,1990-11-22,11
"379",-7.1,-0.6,84.5,26.6,26.78,48,1993-12-23,12
"380",-6.6,-1,80.8,25.74,26.22,48,1995-10-13,10
"381",-7,-1.5,70.9,26.77,27.23,48,1995-08-14,8
"382",-5.9,0.2,77,27.78,28.08,48,1995-06-04,6
"383",-7.8,-2.3,76.2,26.78,26.74,48,1990-11-09,11
"384",-0.5,-3.3,71.6,27.7,28.84,48,1997-06-04,6
"385",-8.3,-0.3,79.6,26.36,26.22,48,1995-09-18,9
"386",1.4,-3.6,83.8,28.14,29.96,48,1998-03-02,3
"387",-5.7,-0.6,77.1,27.59,27.93,48,1996-05-27,5
"388",-6.7,0.4,81.2,28.29,28.34,48,1991-05-01,5
"389",-8.3,0.1,82,26.78,26.76,48,1991-01-26,1
"390",-7.9,-1.6,80.4,26.6,27.03,48,1994-08-21,8
"391",-5.6,-1.5,90.7,25.91,27.5,48,1995-02-17,2
"392",-3.2,-3,78.5,26.23,26.98,48,1993-01-15,1
"393",-4.9,-4,80.9,26.82,27.32,48,1993-02-19,2
"394",-6.1,-2.6,75.8,26.64,27.01,48,1993-08-18,8
"395",-4.6,-0.1,81,28.77,29.48,48,1997-12-07,12
"396",-6.3,-1.3,84.4,25.54,25.66,48,1995-12-31,12
"397",3.5,-3,85,27.48,29.51,48,1998-02-22,2
"398",-5,1.2,79.8,28.96,29.77,48,1998-01-02,1
"399",-8.2,-1.8,79.3,26.6,27.07,48,1994-08-23,8
"400",-4.8,0.2,84,26.9,27.55,48,1991-03-18,3
"401",-1.1,-2.1,75.7,28.23,29.63,6,1997-11-23,11
"402",-3.8,-2.2,86.6,25.2,26.36,6,1997-01-09,1
"403",-6.2,-1.1,79.2,25.81,26.61,6,1996-12-03,12
"404",-7.3,-0.6,83.2,28.98,29.29,6,1992-05-31,5
"405",-5.6,-1.4,86.7,27,27.01,6,1995-03-06,3
"406",-4.3,-0.5,83.2,28.15,29.71,6,1991-12-20,12
"407",-4.4,-0.4,81.3,27.87,28.19,6,1997-05-07,5
"408",-7.2,-0.5,81.9,26.62,26.41,6,1993-01-27,1
"409",-6.8,-2.8,87.1,25.41,25.21,6,1996-03-06,3
"410",-7.3,0.3,87.1,25.41,25.33,6,1995-09-19,9
"411",-5.3,-0.6,73.9,27.81,28.48,6,1994-11-16,11
"412",-7,-1.9,74.3,27.05,27.04,6,1992-11-14,11
"413",-6.9,-0.9,82.2,26.03,25.72,6,1992-10-11,10
"414",-6.1,1,81.1,26.39,26.63,6,1996-08-17,8
"415",-4.3,-0.8,81.9,26.82,27.56,6,1996-05-22,5
"416",-6.1,-0.5,81.3,25.64,25.84,6,1995-10-26,10
"417",-5.2,-0.2,80.8,27.21,27.69,6,1994-06-25,6
"418",-4.6,0.3,71.6,26.94,27.8,6,1994-07-26,7
"419",-3.4,4.2,72,28.92,29.62,6,1997-09-18,9
"420",-7.6,0,82.3,25.88,26.4,6,1996-10-18,10
"421",-8.5,1.8,78.8,26.2,26.28,6,1996-10-27,10
"422",-5.9,0.2,85.1,26.77,26.66,6,1993-03-01,3
"423",-6.2,0.2,77.7,27.83,28.14,6,1991-10-20,10
"424",-2.5,-2.2,82.4,26.88,27.48,6,1995-05-26,5
"425",-4.6,0.1,83.2,25.41,25.94,6,1995-10-25,10
"426",-4.7,-1.8,84.3,26.47,26.94,6,1996-05-11,5
"427",-6.5,0.8,81.5,26.24,26.51,6,1996-11-24,11
"428",-3.6,3.2,79.3,27.83,29.46,6,1997-09-04,9
"429",-6.5,-1.9,78.8,26.63,26.8,6,1996-07-12,7
"430",-3.3,0.7,72.4,26.38,27,6,1992-11-23,11
"431",-3.8,2.3,79.7,27.87,29.23,6,1997-07-28,7
"432",1.4,0.6,85.8,26.41,28.6,6,1997-05-19,5
"433",-7.6,-0.2,82,25.68,26.11,6,1995-10-08,10
"434",-3.4,-1.9,81.2,28.14,28.43,6,1993-06-13,6
"435",-8.4,-2.5,78.3,27.72,27.87,6,1994-06-07,6
"436",-5.8,-1.5,76.6,25.33,25.68,6,1995-10-28,10
"437",-9.6,-0.1,78.2,25.49,26.1,6,1995-12-04,12
"438",3.7,-2.8,74.9,27.59,29.31,6,1997-07-08,7
"439",-7.1,-1.4,82.8,26.7,26.93,6,1993-01-07,1
"440",-5,3.9,84.3,25.96,26.2,6,1996-08-02,8
"441",0.4,1,75.7,28.23,30.08,6,1997-10-03,10
"442",-7.8,-2.2,78.8,26.07,26.06,6,1994-01-09,1
"443",-6.9,-3.5,84.9,26.25,26.19,6,1997-03-20,3
"444",-5.9,0.5,88.2,25.18,25.24,6,1996-03-08,3
"445",1.5,-6.9,78.9,28.54,28.93,6,1992-01-21,1
"446",-6.2,2.9,81.8,27.4,27.5,6,1993-10-01,10
"447",-0.9,0.1,80.9,28.74,29.21,6,1992-04-27,4
"448",-9.1,-0.4,84.3,24.91,25.08,6,1996-02-15,2
"449",-7.3,-1.4,74.8,27.05,26.85,6,1992-11-15,11
"450",-6.7,-0.6,81.6,25.72,26.3,6,1995-11-02,11
"451",-6.4,0,83.5,26.94,27.31,6,1996-05-01,5
"452",-6.9,-3.5,79.8,28.22,28.35,6,1993-07-08,7
"453",-3.9,-1.1,79.3,27.99,28.65,6,1997-05-05,5
"454",-6.3,1.8,85.9,25.88,26.02,6,1996-10-21,10
"455",-6,-0.1,85.5,26.96,27.06,6,1995-02-26,2
"456",-3.7,2.5,75.3,29,30.45,6,1997-10-07,10
"457",-6.6,-1.3,78.2,26.11,25.86,6,1992-08-26,8
"458",-3,0.1,75.8,27.67,28.44,6,1991-11-14,11
"459",-6.6,-1.2,77.7,27.87,28.16,6,1991-07-29,7
"460",-4.3,0.5,83.2,27.15,27.51,6,1995-05-27,5
"461",-7,0.9,85.1,27.12,27.28,6,1995-01-31,1
"462",-5.6,-1,88.2,25.49,25.64,6,1996-03-15,3
"463",-2.6,-2.2,78.9,27.48,27.9,6,1991-09-30,9
"464",-5.9,-0.9,84.7,24.95,25.2,6,1995-11-11,11
"465",-4,2.7,83.1,25.65,26.12,6,1996-09-13,9
"466",-7.2,0.1,82.4,27.4,27.44,6,1991-08-27,8
"467",-2.7,-3,87.9,27.59,29.38,6,1992-02-24,2
"468",-3,0.7,84.8,26.45,26.97,6,1992-06-30,6
"469",6.2,1.8,82.1,27.71,29.07,6,1997-06-07,6
"470",-6,-0.6,78.9,27.4,27.71,6,1993-10-15,10
"471",-7.9,-1.9,76.5,25.93,26.33,6,1997-01-17,1
"472",-6.1,0.9,85.4,26.11,26.02,6,1992-10-02,10
"473",-3.8,-0.7,85.6,27.16,27.23,6,1993-03-18,3
"474",-1.9,-0.6,80.5,28.61,28.94,6,1993-05-25,5
"475",-5.9,0.9,78.8,26.12,27.06,6,1996-11-19,11
"476",-4.4,1.7,82.8,28.35,28.64,6,1991-11-24,11
"477",-4.3,-2.2,87.5,26.67,26.96,6,1996-04-17,4
"478",-5.3,0.4,82,27.12,27.52,6,1995-06-15,6
"479",-4,-2.4,83.2,26.88,27.09,6,1992-07-26,7
"480",-7.3,-1.7,73.7,27.29,27.59,6,1994-07-06,7
"481",-4.6,-0.6,76.8,27.41,27.97,6,1994-06-02,6
"482",-8.2,-1.6,79.4,26.39,26.66,6,1993-12-01,12
"483",-5.1,-2.2,84.9,26.46,26.55,6,1993-02-28,2
"484",-6.2,-1,82.4,29.41,29.62,6,1991-12-12,12
"485",-1.9,-1.6,87.1,26.68,27.01,6,1992-06-21,6
"486",-3.3,-4.3,85.9,28.54,28.9,6,1992-03-19,3
"487",0.2,-5.4,76.5,28.6,29.33,6,1997-06-14,6
"488",-5.8,-1,84.8,27.4,27.65,6,1993-03-27,3
"489",-7.9,-2.1,81.2,25.92,26.13,6,1994-01-03,1
"490",-6.4,-1.5,77.4,25.33,25.73,6,1995-10-27,10
"491",-5.6,2.4,77.7,27.36,27.24,6,1992-11-28,11
"492",-1.6,0.2,81.9,26.43,27.31,6,1996-06-30,6
"493",-5.1,-1.2,84.8,26.13,26.52,6,1991-09-08,9
"494",-4.4,-0.6,75.8,26.85,27.25,6,1993-10-24,10
"495",-6.4,-1.3,82.1,25.6,25.94,6,1997-02-20,2
"496",-2.3,-0.3,78.1,27.51,28.3,6,1991-11-12,11
"497",-6.7,-1.8,81.9,25.96,26.6,6,1996-09-09,9
"498",-5,0.7,76.4,27.01,27.73,6,1993-09-11,9
"499",-6.8,-1.2,76.2,27.77,28.19,6,1994-10-26,10
"500",-5.3,-1.3,73.6,25.32,25.88,6,1997-01-05,1
"501",-7.4,-2.4,84.2,26.62,26.43,6,1992-12-23,12
"502",-5.7,-2.1,82.5,25.69,25.87,6,1996-12-17,12
"503",-5.4,-0.1,78.1,27.6,28.17,6,1994-07-02,7
"504",-3.5,-1.3,85.9,28.07,28.49,6,1992-06-03,6
"505",-5.7,-0.3,80.4,25.96,26.73,6,1996-12-02,12
"506",-7.7,-1.7,85.4,25.81,25.92,6,1997-03-04,3
"507",-8.5,-0.9,84.3,25.22,25.3,6,1996-02-04,2
"508",-5.1,-2.9,82.8,26.5,26.8,6,1992-12-20,12
"509",-6.6,1.2,87.1,26.16,25.94,6,1996-10-22,10
"510",-5.4,-1.2,76.6,26.3,26.57,6,1995-07-12,7
"511",-7.5,-0.9,82.4,24.29,24.13,6,1995-12-11,12
"512",0.6,2.6,75.7,28.23,29.65,6,1997-09-17,9
"513",-7.8,-1.3,81.7,25.85,26.16,6,1997-02-07,2
"514",-6.3,0.4,77.1,27.32,27.73,6,1993-10-16,10
"515",-9.3,-1.8,82.7,26.23,26.53,6,1993-12-25,12
"516",-7.2,-1,72.9,27.13,27.2,6,1992-11-13,11
"517",-4.3,-0.6,87.5,25.18,25.62,6,1996-02-24,2
"518",-4.8,-1.3,87.5,26.55,26.73,6,1996-04-11,4
"519",-8.8,1,80.5,26.03,26.29,6,1995-09-04,9
"520",-4.8,-1.3,87.4,25.41,25.43,6,1995-08-13,8
"521",-4.6,-1.4,78.9,28.23,29.38,6,1997-07-05,7
"522",-6.1,-0.5,82.8,25.76,26.08,6,1995-10-07,10
"523",-6.6,0.5,72.1,27.56,28.14,6,1994-08-17,8
"524",-4,-2,80.1,27.83,28.3,6,1991-11-05,11
"525",-7.7,-1.9,79.7,25.73,25.83,6,1997-02-12,2
"526",-6.1,1,78.1,28.9,29.42,6,1992-01-05,1
"527",-5.4,-1.2,83.8,25.76,25.73,6,1992-08-19,8
"528",-2.1,-1,82.8,27.48,28.05,6,1993-03-23,3
"529",-3.7,-0.5,82,26.92,27.54,6,1995-06-13,6
"530",-5.3,-1,81.5,26.35,26.67,6,1996-08-31,8
"531",-6.8,-0.3,83.6,24.4,24.35,6,1995-12-09,12
"532",-4.5,-0.1,79.3,27.51,27.99,6,1991-10-05,10
"533",-6,0.2,81.8,26.15,26.66,6,1993-11-25,11
"534",-2.8,-2,82,28.58,29.45,6,1992-05-28,5
"535",-8.1,0.7,81.9,26.24,26.3,6,1996-07-29,7
"536",-5,-1.6,83,28.26,28.42,6,1993-05-29,5
"537",-3.5,2,77.3,27.55,28.7,6,1991-10-10,10
"538",-2.1,-1.5,85.5,28.54,29.82,6,1992-04-16,4
"539",-3.3,-4.5,85.2,28.82,29.43,6,1992-04-13,4
"540",-5.4,-0.2,78.9,28.88,29.37,6,1997-07-18,7
"541",-4,-1.8,84,26.07,26.67,6,1994-03-10,3
"542",-2.6,4.2,77.3,27.55,27.9,6,1991-10-02,10
"543",1.3,-0.2,77.7,27.67,29.58,6,1997-09-02,9
"544",-5.4,0.1,84.1,26.27,26.49,6,1993-08-08,8
"545",0.5,-4.4,76.1,28.83,29.69,6,1997-11-22,11
"546",-6.3,-2.3,79.7,26.11,26.24,6,1992-10-28,10
"547",-5.2,-1.5,79.4,26.31,27.55,6,1993-11-22,11
"548",-8,-1.8,77,25.45,25.89,6,1995-11-22,11
"549",-4.6,-1.9,83.2,28.82,29.32,6,1992-02-26,2
"550",-4.6,-1.6,84.7,26.88,27.16,6,1995-03-29,3
"551",-4.9,-1.9,84,27.39,27.78,6,1995-01-02,1
"552",-7.4,-0.4,87.1,25.99,25.91,6,1994-01-21,1
"553",-8,1.3,80.5,28.68,29.05,6,1997-08-01,8
"554",-6.9,-2.4,84.3,26.34,26.61,6,1995-08-01,8
"555",-3.5,0.1,82.4,28.82,29.68,6,1992-04-01,4
"556",-6.5,0.8,78.4,26.04,26.32,6,1996-11-26,11
"557",-7.4,-2.9,82.7,26.94,26.92,6,1996-07-11,7
"558",3.3,-1.4,78.9,28.07,29.54,6,1997-10-31,10
"559",-6.1,0.1,72.9,26.55,27.23,6,1994-09-17,9
"560",-7,-0.1,81.5,25.92,26.17,6,1996-07-31,7
"561",-7.2,-0.5,85.2,25.99,26.05,6,1994-02-26,2
"562",-6.2,-0.4,84.7,27.39,27.67,6,1994-12-24,12
"563",-6.4,-3.1,85.5,27.74,27.82,6,1995-01-15,1
"564",-5.4,-0.4,78.9,26.81,27.18,6,1995-05-13,5
"565",-4.9,-1.6,87.5,28.27,29.21,6,1992-05-05,5
"566",-9.2,-0.6,82,27.54,27.86,6,1995-01-21,1
"567",-5.1,1.7,80.2,27.53,27.59,6,1994-05-25,5
"568",-2.8,1.5,81.3,27.83,28.13,6,1991-10-29,10
"569",-4,-1.1,83.6,26.88,27.37,6,1995-04-14,4
"570",-3.8,0.3,69.5,26.94,27.7,6,1994-07-24,7
"571",-7.7,0.4,86.7,26.9,26.91,6,1996-06-15,6
"572",-6.5,-1.1,80,28.3,28.35,6,1993-07-10,7
"573",-5.6,-2,87.6,26.35,26.45,6,1994-02-17,2
"574",1.2,1.9,72.8,28.56,30.21,6,1997-09-25,9
"575",-9.4,1.1,78.8,26.78,27.03,6,1996-08-22,8
"576",-1.9,-1.8,86.7,28.15,29.12,6,1992-03-10,3
"577",-3.7,2.5,73.2,28.44,29.2,6,1997-07-24,7
"578",-3.4,-0.7,77,28.82,29.59,6,1992-01-04,1
"579",-2.9,-1.6,80.5,27.75,28.1,6,1991-08-11,8
"580",-6.1,1.6,79.7,28.6,29.06,6,1997-08-02,8
"581",-7.4,-0.7,80.6,26.93,27,6,1993-08-02,8
"582",-3.9,0,86.1,25.68,25.84,6,1992-09-12,9
"583",-5.9,0.5,90.6,25.38,25.53,6,1996-02-27,2
"584",-8.3,-0.7,85.1,24.55,24.55,6,1996-01-14,1
"585",-1.5,2.9,73.2,28.15,29.67,6,1997-06-23,6
"586",-5.3,-0.8,84,24.02,23.99,6,1995-12-14,12
"587",-7.6,-1.5,87.9,26.03,25.9,6,1992-08-30,8
"588",-3.3,-1.6,83.1,27.13,28,6,1994-05-28,5
"589",-5.6,-0.3,80.8,26.98,27.68,6,1994-07-14,7
"590",-3.2,0.5,78.1,27.67,28.46,6,1991-11-07,11
"591",-3,-0.8,79.4,26.67,27.46,6,1993-11-04,11
"592",-6.9,-2.2,87.4,25.61,25.68,6,1995-08-19,8
"593",-6.6,-0.5,76.3,26.71,27.3,6,1993-11-19,11
"594",-5.4,0.2,81.3,27.91,28.39,6,1991-11-08,11
"595",-6.9,-0.6,82.4,25.88,26.01,6,1995-08-27,8
"596",-8.6,-0.1,82.7,25.38,25.4,6,1996-11-04,11
"597",-6.1,-1.2,77.7,25.32,25.63,6,1996-12-15,12
"598",-3.5,4.7,72,27.25,27.8,6,1994-10-02,10
"599",-5.2,-2,84.3,26.03,25.93,6,1992-08-22,8
"600",-6.5,-0.2,75.8,26.62,26.9,6,1993-01-21,1
"601",-6,0.5,75,26.13,26.8,12,1995-12-31,12
"602",-3.3,-2.4,76.6,26.29,27.42,12,1992-11-04,11
"603",-2.9,-1.3,74.6,27.24,28.13,12,1995-05-15,5
"604",-5.9,-1.4,77.8,27.56,27.8,12,1995-05-10,5
"605",-5.1,0,81,27.68,28.29,12,1995-05-19,5
"606",-1.8,1.7,75,27.08,27.99,12,1996-06-28,6
"607",-7,1.6,83.8,26.73,26.58,12,1994-03-05,3
"608",-4,2.6,80.1,27.95,28.13,12,1993-10-11,10
"609",-0.8,-6.6,79.8,28.77,29.13,12,1998-01-23,1
"610",5.1,-1.9,83.2,28.38,30.05,12,1994-12-26,12
"611",-3.3,-1.9,77.2,26.85,27.54,12,1996-12-08,12
"612",-3.1,-2.6,81.6,28.1,29.65,12,1992-05-27,5
"613",-4.5,1.9,77.1,29.97,30.2,12,1994-12-21,12
"614",-3.6,-0.4,79.4,27.6,28.1,12,1993-10-20,10
"615",-4.4,-3.5,86.5,27.49,28.5,12,1995-02-02,2
"616",-7.8,2,81.4,27.6,27.21,12,1993-12-29,12
"617",-3.8,-0.5,72.6,27.16,28.02,12,1995-07-13,7
"618",-3.2,-6.2,86.2,28.54,29.35,12,1998-03-15,3
"619",-8.3,-0.8,74,26.97,27.14,12,1996-09-10,9
"620",0.4,-1.4,78.5,27.55,28.38,12,1993-01-29,1
"621",-3,3.4,74,28.43,29.18,12,1993-09-15,9
"622",-3.7,2.6,84.7,28.66,28.43,12,1994-05-25,5
"623",-7.6,0,73.6,27.49,27.75,12,1997-01-18,1
"624",-3.1,0.5,77.7,27,27.95,12,1992-12-10,12
"625",-2.6,0,70.6,28.84,29.86,12,1994-10-14,10
"626",0.8,-6.2,83.6,28.7,28.89,12,1997-12-08,12
"627",-2.3,-2.3,83.4,26.52,27.17,12,1995-12-19,12
"628",-0.3,-8.2,81.9,28.11,28.82,12,1998-03-18,3
"629",-5,-0.1,71.5,27.17,27.45,12,1996-08-05,8
"630",-1.7,-0.6,79.3,27.76,27.86,12,1993-10-24,10
"631",-4.2,0.7,78,29.23,30.4,12,1994-11-06,11
"632",-6.4,-0.5,75.2,27.6,27.83,12,1996-08-23,8
"633",-7.1,-1.3,82.4,27.55,28.16,12,1992-12-07,12
"634",-1.3,1.5,81.3,27.43,28.3,12,1992-12-03,12
"635",-5.5,-2.2,81.6,26.96,28.06,12,1992-11-18,11
"636",-2.8,-0.4,74.6,28.53,29.28,12,1994-07-28,7
"637",-8,1.3,86.4,27.36,26.99,12,1994-02-23,2
"638",-5.8,-0.8,79.2,28.98,28.9,12,1993-07-18,7
"639",-6.2,0.8,77,27.32,27.8,12,1996-07-06,7
"640",2.6,1.1,83.4,25.85,28.14,12,1995-06-21,6
"641",-7,0.5,76,26.97,26.91,12,1996-12-14,12
"642",-6.6,1.4,82.2,28.66,28.95,12,1993-07-28,7
"643",-3,2.2,76.4,28.86,29.18,12,1993-06-27,6
"644",-6.3,-2.6,86.1,27.76,27.75,12,1995-04-09,4
"645",-6.8,0.6,76.6,28.98,28.82,12,1993-07-29,7
"646",-3.8,0.7,88.1,27.01,27.79,12,1994-04-22,4
"647",-5.9,-2.1,83.6,28.78,28.5,12,1993-06-09,6
"648",-6.8,0.4,80.6,26.93,27.13,12,1996-05-13,5
"649",-6.2,-1,75.5,28.98,29.12,12,1993-07-14,7
"650",6.9,2.5,84.5,28.07,28.93,12,1997-10-26,10
"651",-5.2,0.2,87.9,26.81,26.77,12,1994-02-18,2
"652",-1.4,-2.1,74.6,27.24,28.61,12,1992-07-01,7
"653",-3.4,-3.2,81.3,26.8,27.81,12,1993-03-15,3
"654",-6,-0.7,79,27.4,27.94,12,1996-07-04,7
"655",-3.1,1,78.3,28.07,28.93,12,1993-08-05,8
"656",-6.5,-0.5,82.9,29.1,29.1,12,1993-06-02,6
"657",4.2,4.5,82,28.3,28.75,12,1992-03-27,3
"658",-6,-0.9,80.6,27.28,27.88,12,1996-07-27,7
"659",-6.4,-0.4,75.4,27.59,28.4,12,1993-01-22,1
"660",-5.3,-1,80.1,27.99,28.43,12,1995-02-18,2
"661",-7.3,-0.8,86.4,27.32,26.9,12,1994-02-20,2
"662",-1.8,0.9,75.8,27.55,28.9,12,1992-09-15,9
"663",-1.1,1.3,75.1,28.5,29.32,12,1997-09-17,9
"664",-6.1,0,78.6,28.27,28.33,12,1993-09-28,9
"665",1.3,1.1,84.6,27.95,28.99,12,1993-05-14,5
"666",-6.3,0.2,84,26.61,26.4,12,1994-02-05,2
"667",-2.3,-3,76.4,28.96,29.51,12,1994-08-25,8
"668",-7.5,-2.3,83.6,27.2,27.66,12,1993-02-12,2
"669",-3.4,1,85.9,28.38,28.65,12,1995-02-08,2
"670",-3.5,-2.2,75.4,28.93,29.94,12,1992-06-02,6
"671",3.6,-7.1,85.9,27.31,28.89,12,1992-03-14,3
"672",-6,-4.9,85.3,27.91,28.1,12,1998-04-09,4
"673",-3.4,4.1,83,26.93,27.71,12,1996-06-25,6
"674",0.2,-0.8,85.3,28.19,28.74,12,1993-04-16,4
"675",-2.9,1.4,88.7,27.05,27.08,12,1994-03-29,3
"676",-3.6,-1.5,81.8,29.07,30.14,12,1994-12-18,12
"677",-3.7,-1.2,76.9,28.69,29.2,12,1994-08-02,8
"678",6,-3.4,81.3,28.06,28.97,12,1992-03-17,3
"679",-5.6,-0.1,82.8,26.76,27.45,12,1992-09-01,9
"680",-5.4,-1,84.6,25.81,26.24,12,1996-03-15,3
"681",-0.1,-5.7,84.5,28.38,29.43,12,1998-03-10,3
"682",-5.6,-0.5,74,26.05,26.74,12,1996-01-01,1
"683",-5.2,-1.6,90.8,27.91,27.84,12,1998-05-17,5
"684",-2.6,-1.9,77,29.54,30.22,12,1994-11-29,11
"685",-0.4,-1.6,69,29.42,30.41,12,1994-11-17,11
"686",-7.6,0.8,76.7,28.27,28.27,12,1993-10-03,10
"687",-5,1.9,74.6,27.28,27.93,12,1996-07-25,7
"688",-2.2,-1.3,81.5,28.03,28.53,12,1994-06-14,6
"689",-6.2,-1.9,87.1,27.95,27.99,12,1995-04-05,4
"690",-3.7,-2.3,82,27.24,27.9,12,1992-12-01,12
"691",-4.6,-1.8,79.7,27.75,28.38,12,1992-08-01,8
"692",-6.8,0.7,76.2,27.84,28.26,12,1995-05-29,5
"693",-4.4,1.8,83.8,27.32,27.46,12,1996-05-02,5
"694",-2,1,73.4,27.08,28.23,12,1992-09-22,9
"695",6,-0.7,78.5,28.62,29.42,12,1997-06-03,6
"696",-5,1,80,28.9,28.82,12,1993-06-15,6
"697",4.1,-1.5,83.6,27.71,29.35,12,1992-04-26,4
"698",-3.8,0,76.8,29.05,29.36,12,1997-06-26,6
"699",4.8,-1,86.3,27.2,29.59,12,1992-04-22,4
"700",-7.4,-2.5,77.4,25.65,25.9,12,1996-02-19,2
"701",-5.6,-1.7,74,27.05,27.38,12,1996-10-01,10
"702",-1.8,-6,86.2,28.34,28.95,12,1998-02-26,2
"703",-6.5,2.7,77.6,27.21,27.57,12,1996-08-27,8
"704",-1.5,-5.3,84.5,28.93,29.19,12,1997-12-14,12
"705",-4.7,-1.5,74.3,28.54,28.94,12,1993-09-21,9
"706",-4.5,-2.7,79.8,29.58,30.14,12,1994-12-12,12
"707",-7.4,0.3,79.4,26.57,26.76,12,1996-01-26,1
"708",-7.6,1.8,81.4,26.81,26.79,12,1995-09-05,9
"709",-7.4,0.3,74.4,26.77,26.97,12,1997-02-21,2
"710",-6.6,-2.1,80.6,26.21,26.41,12,1996-03-07,3
"711",-0.3,1.3,74.8,28.46,28.92,12,1993-08-10,8
"712",-2.6,2.7,80,27.99,28.29,12,1993-10-09,10
"713",-5,0.2,74.4,26.97,27.59,12,1996-12-05,12
"714",-2.5,-2.3,76.6,26.88,27.97,12,1992-09-21,9
"715",-6.3,-1.7,75,26.25,27.01,12,1995-11-13,11
"716",-6.5,-0.9,74,27.45,27.62,12,1996-10-12,10
"717",-0.7,6,81.5,28.42,29.52,12,1997-08-03,8
"718",-4.3,-2,81.3,29.15,30.54,12,1994-11-13,11
"719",-2.1,2.9,81.4,28.11,30.1,12,1994-11-21,11
"720",-5,0.8,74.2,25.61,26.31,12,1995-11-24,11
"721",-6.8,-0.2,81.4,28.14,28.22,12,1995-02-28,2
"722",-3.9,-1.1,76.4,26.69,27.23,12,1996-09-15,9
"723",-2,-2.1,80.7,29.04,30.14,12,1994-12-11,12
"724",-5.9,0.2,82.6,26.69,26.86,12,1994-01-10,1
"725",-3.9,2.5,80.6,28.77,29.37,12,1997-06-27,6
"726",-4.4,-1.2,83.3,27.17,27.27,12,1994-03-18,3
"727",-4.3,-4.2,93.4,27.25,27.65,12,1998-05-19,5
"728",-5.6,-1.1,80.2,28.45,28.63,12,1994-07-02,7
"729",-6.7,-0.8,75.2,27.37,27.56,12,1996-08-26,8
"730",-5.3,-2.2,82,27.91,28.78,12,1992-07-24,7
"731",-7.4,-0.9,80.6,26.53,26.89,12,1995-08-30,8
"732",-2.7,-3.9,86.6,27.36,27.47,12,1998-05-02,5
"733",-6.5,1.2,78,29.02,28.83,12,1993-08-01,8
"734",-4.2,0.6,76.7,28.18,28.53,12,1994-07-10,7
"735",-2.4,-0.8,72.6,26.93,28.13,12,1995-07-14,7
"736",-4.8,-0.5,88.7,28.07,28.1,12,1998-05-27,5
"737",-1.1,-1.6,71.9,27.83,28.99,12,1992-07-04,7
"738",-0.6,0.8,77.7,27.83,29.08,12,1992-07-08,7
"739",-4.3,-1.9,82.6,26.33,26.81,12,1996-04-07,4
"740",-4.6,-1,83,26.57,27.12,12,1995-08-23,8
"741",-6,-1.9,71.7,29.15,29.49,12,1994-08-30,8
"742",-5.7,1.1,75.8,26.33,26.81,12,1995-11-01,11
"743",-5.8,-3.6,75.1,28.9,29.16,12,1993-09-13,9
"744",-7.7,-1.5,77.8,26.77,27.17,12,1995-08-28,8
"745",-4.6,-0.2,82.2,28.86,29.1,12,1993-06-01,6
"746",-5.9,-0.7,82.4,26.77,26.7,12,1994-01-20,1
"747",-5,-5.9,83.1,28.57,28.71,12,1995-02-11,2
"748",-4.3,1.1,75.6,28.57,29.25,12,1994-09-19,9
"749",-6.2,1.4,86.1,27.24,26.84,12,1994-04-01,4
"750",-4.1,0.3,79.6,28.38,28.92,12,1995-01-30,1
"751",0.9,1.6,77.3,28.54,29.36,12,1992-03-20,3
"752",-3.7,-4.1,87.9,27.95,27.99,12,1998-06-07,6
"753",-5.6,-1.1,76.8,26.49,26.86,12,1995-12-23,12
"754",2.4,-1,83.6,27.72,29.61,12,1997-09-07,9
"755",-4.2,-3.2,93.8,27.01,27.22,12,1998-05-07,5
"756",-2.5,3.8,79.1,28.11,28.2,12,1993-10-10,10
"757",-5.3,-2.7,83,27.08,27.37,12,1996-04-30,4
"758",-2.3,1.5,83.6,28.07,28.27,12,1994-05-15,5
"759",-4.8,-2.9,81.9,27.6,28.5,12,1998-04-24,4
"760",-7.3,-1.8,77,25.61,25.77,12,1996-02-18,2
"761",-6.1,-3.5,84.8,27.24,28.06,12,1993-02-10,2
"762",0.1,0.7,83.4,27.91,28.18,12,1995-03-17,3
"763",-4.2,2,75.4,28.22,28.56,12,1994-07-11,7
"764",-7.8,-0.2,73.2,26.93,26.88,12,1996-12-12,12
"765",-7,-1.2,74,27.6,28,12,1997-01-14,1
"766",-2.7,-2.3,82.8,28.26,29.64,12,1997-08-05,8
"767",-2.8,-0.6,87.9,27.36,28.15,12,1993-04-09,4
"768",-4.2,-0.4,73,27.68,28.44,12,1995-06-07,6
"769",-6.4,-2.3,80.2,26.97,27.27,12,1995-09-22,9
"770",-9.3,-1.4,77,25.69,25.81,12,1996-02-06,2
"771",-6.4,-0.5,74.8,26.89,27.49,12,1996-10-26,10
"772",-3.5,0.6,74.2,26.68,28.26,12,1992-10-27,10
"773",-6.7,-2.9,81,26.49,26.68,12,1995-10-02,10
"774",-6.8,-1.8,81,27.76,27.91,12,1995-03-25,3
"775",-4.4,0.7,77.4,27.36,28.2,12,1996-07-24,7
"776",7.6,3.6,86.2,27.68,29.3,12,1997-10-07,10
"777",3.7,-2.7,79.8,29.13,29.73,12,1997-09-27,9
"778",1.4,1.5,75,26.37,27.53,12,1992-11-24,11
"779",-7.3,-2.4,74,27.6,27.6,12,1996-07-31,7
"780",-6.4,-3,72.8,27.09,27.9,12,1996-11-26,11
"781",-1,-0.3,78.1,28.66,29.49,12,1997-09-11,9
"782",-4.7,-1.6,75,27.36,28.1,12,1995-05-16,5
"783",-3.6,1.2,67.9,27.05,27.64,12,1996-10-07,10
"784",-5.7,0.9,84.4,28.03,27.79,12,1994-05-10,5
"785",0.1,4.5,78.5,28.3,28.79,12,1992-03-28,3
"786",-7.3,-0.1,78.6,27.32,27.66,12,1996-07-09,7
"787",1.3,2.8,80.6,27.99,29.06,12,1997-09-10,9
"788",-2.9,-5.1,91.6,26.94,29.58,12,1995-01-19,1
"789",-7.8,0.4,73.8,27.24,27.57,12,1995-08-02,8
"790",-5.9,0.9,80.6,25.97,26.45,12,1995-11-17,11
"791",-3.4,1.2,78,28.42,28.7,12,1994-07-12,7
"792",-1.2,-6.3,81.9,27.79,27.68,12,1998-03-21,3
"793",-6,-1.7,85.7,27.99,28.12,12,1998-06-05,6
"794",-4.5,0.3,73.9,28.74,29.22,12,1993-09-10,9
"795",-1.7,3.2,76,27.87,28.11,12,1993-12-06,12
"796",3.2,-2,86.2,27.95,29.35,12,1998-01-11,1
"797",-7.1,-1.2,74.2,26.41,26.79,12,1995-12-11,12
"798",-5,0.1,80,28.49,28.63,12,1994-07-03,7
"799",3,-1.9,82.8,27.99,29.26,12,1998-01-09,1
"800",-4.4,-1.3,82,28.26,28.63,12,1994-06-15,6
"801",-7.1,-0.9,86.3,26.58,26.69,28,1993-02-03,2
"802",-8.2,1.3,76.3,27.06,27.14,28,1996-07-16,7
"803",-5.1,-4.2,88.1,26.86,27.11,28,1996-03-29,3
"804",-5.2,-1.5,83.6,25.97,25.34,28,1989-12-25,12
"805",-1.1,-3.3,86.4,27.75,29.19,28,1998-03-15,3
"806",-7.7,-2,82.9,25.85,25.88,28,1997-02-27,2
"807",-4,-3.7,76.3,27.41,27.93,28,1997-04-11,4
"808",-2.6,-2.3,84.4,26.41,27.27,28,1998-05-31,5
"809",2.1,-1.4,86.4,27.67,29.69,28,1998-03-25,3
"810",-6.8,-2.2,80.7,26.26,26.55,28,1995-05-17,5
"811",-6.7,1.2,80.3,26.13,25.68,28,1989-12-29,12
"812",-5.9,0.2,94,24.74,25.1,28,1995-08-28,8
"813",-5.4,-1.7,83.3,24.77,25.04,28,1996-10-13,10
"814",-6.4,-0.7,87.2,24.64,24.41,28,1995-12-29,12
"815",-0.9,-7,88.9,27.16,28.96,28,1998-02-20,2
"816",-7.9,3.2,76.3,28.03,29.01,28,1997-07-03,7
"817",-7.6,-1.1,72.7,25.54,26.45,28,1996-09-18,9
"818",-7.7,0.4,81.5,26.21,26.88,28,1994-08-14,8
"819",-0.9,-1.6,83.2,27.31,28.38,28,1992-02-01,2
"820",3.1,2,80.9,27.55,28.01,28,1992-01-24,1
"821",-6.1,0.5,67.3,25.62,26.32,28,1996-08-06,8
"822",-4.8,-1.3,84.4,25.66,25.99,28,1992-12-15,12
"823",-4.1,0.6,66.5,28.11,28.83,28,1997-07-12,7
"824",-4.6,-4.8,80.4,25.87,26.43,28,1995-05-07,5
"825",-3.9,1.9,69.8,28.46,29.2,28,1997-10-14,10
"826",-4.9,1.9,78.4,27.87,28.47,28,1997-08-22,8
"827",-4.3,-0.6,78,26.79,27.11,28,1997-03-19,3
"828",-7.2,0.9,80,26.13,26.73,28,1994-08-08,8
"829",-7,0.4,81.2,26.33,26.76,28,1993-11-14,11
"830",-6.9,1.6,72.1,27.07,27.58,28,1994-12-04,12
"831",-5.2,1.3,76.7,27.83,29.1,28,1997-10-12,10
"832",-6,-1.4,76.3,24.38,24.84,28,1997-01-07,1
"833",-6.4,2.7,69.4,28.3,28.35,28,1997-05-15,5
"834",-6,0.3,79.2,26.32,26.53,28,1997-02-22,2
"835",-7,0.1,83.8,25.78,25.96,28,1993-10-26,10
"836",-0.4,-0.3,85.5,28.22,29.34,28,1993-04-11,4
"837",-6.6,-3,85.1,27.02,27.3,28,1996-04-02,4
"838",-5.1,-0.6,81.6,28.72,29.06,28,1992-05-07,5
"839",-3.2,1.2,87.3,26.29,26.46,28,1994-03-03,3
"840",-5.4,-3,75.9,25.66,25.91,28,1997-02-08,2
"841",-1,-5,81.1,28.58,29.82,28,1998-01-17,1
"842",-6.8,-4.4,86.8,26.82,26.48,28,1996-03-26,3
"843",-3.5,2.8,69,28.22,28.99,28,1997-10-03,10
"844",-7.6,-2.8,84.1,24.34,24.34,28,1996-12-22,12
"845",-5.9,-2.5,92.7,23.78,23.76,28,1995-11-01,11
"846",-7,-2.4,83.3,26.88,27.54,28,1994-06-27,6
"847",-2.8,-3.3,86.7,24.66,25.51,28,1992-11-04,11
"848",-1.6,-5,82.8,27.35,28.34,28,1992-02-02,2
"849",-6.8,2.8,72.2,28.46,28.89,28,1997-06-30,6
"850",-0.8,-3.6,82.3,28.66,29.92,28,1998-02-01,2
"851",-2.5,-0.2,83.6,27.79,29.77,28,1997-11-27,11
"852",-6.7,-2,89.5,26.46,26.79,28,1993-07-20,7
"853",-6.7,-3.6,84,25.58,25.4,28,1993-01-28,1
"854",-5.3,-2.8,92.3,23.9,24.31,28,1995-10-31,10
"855",-5.8,-2,92.3,25.93,26.26,28,1996-02-23,2
"856",-7.8,-1,79.5,26.25,26.51,28,1994-08-01,8
"857",-6.3,-2.2,70.7,27.79,27.91,28,1991-12-24,12
"858",-6.5,-1.7,78.2,26.8,27.35,28,1995-03-12,3
"859",-7.7,-0.3,82.1,26.61,26.81,28,1995-01-05,1
"860",-6,0.2,81,27.63,28.32,28,1994-05-09,5
"861",-5.9,-5.2,86.3,26.38,26.55,28,1993-07-25,7
"862",-5.6,-3,85.9,25.7,25.94,28,1992-12-17,12
"863",-6.3,-2,80.8,26.67,26.87,28,1997-03-14,3
"864",1.1,-6.1,90.2,26.49,28.81,28,1998-02-21,2
"865",-8,0.5,73.2,26.57,26.76,28,1995-07-10,7
"866",-7.5,1.9,78.8,26.21,26.8,28,1993-10-20,10
"867",-7,-2.3,81.2,25.54,26.13,28,1994-01-06,1
"868",-3.7,-2.5,80.5,28.6,29.12,28,1992-04-02,4
"869",-7.7,0.6,87.6,26.47,26.38,28,1996-02-27,2
"870",-3.7,-2.1,89.5,25.98,26.9,28,1993-02-24,2
"871",-6.4,2.5,70.2,28.15,28.61,28,1997-08-05,8
"872",-3.8,0.6,78.5,27.63,27.82,28,1992-01-12,1
"873",-5.9,-0.7,78.9,25.98,26.04,28,1992-11-18,11
"874",-4.8,0.1,78.9,27.75,27.92,28,1991-12-22,12
"875",-3.4,-0.5,84,28.3,29.79,28,1997-12-30,12
"876",0.3,0.2,86,28.19,29.55,28,1998-03-24,3
"877",-7.3,0,79.7,28.64,28.58,28,1992-02-12,2
"878",-5.9,-1.1,78.5,27.47,27.7,28,1991-12-05,12
"879",-3.9,0.1,82.3,25.86,26.66,28,1994-10-09,10
"880",-6.6,0.8,80.9,26.33,26.99,28,1993-10-18,10
"881",-4.7,-0.5,84,25.66,26.41,28,1992-09-27,9
"882",-7.3,-2,74.3,26.09,26.37,28,1997-02-01,2
"883",-7.3,-1.1,75.8,26.17,26.12,28,1990-01-12,1
"884",-4.8,-4.7,80.8,24.29,24.1,28,1995-12-19,12
"885",-6.8,-0.2,69.4,28.34,28.8,28,1997-07-28,7
"886",-4.9,2.1,67.8,28.22,29,28,1997-06-18,6
"887",-6.1,-0.1,85.6,25.94,26.34,28,1994-08-28,8
"888",-6.4,-1,81.9,26.33,26.05,28,1990-01-31,1
"889",-9.1,-0.6,78.4,26.05,26.67,28,1994-01-15,1
"890",-6.4,-2.1,84.6,24.72,25.7,28,1995-10-26,10
"891",-5.6,0.9,85.2,26.61,27.2,28,1995-06-22,6
"892",-7.9,3.2,71,28.46,28.98,28,1997-07-15,7
"893",-6.8,2.4,82.5,27.99,28.35,28,1994-05-14,5
"894",-5.5,0.4,75.5,27.99,28.4,28,1997-08-16,8
"895",-6.8,1.1,73.5,27.11,27.57,28,1994-12-03,12
"896",-1.6,-1,84.4,28.19,29.91,28,1998-01-16,1
"897",-5.8,-0.6,85.9,24.68,24.48,28,1995-12-31,12
"898",-4.7,1.9,80.4,25.9,26.85,28,1994-09-27,9
"899",-6.5,-1.1,78.4,25.93,25.25,28,1989-12-21,12
"900",-6.7,-0.8,90.6,25.19,24.96,28,1996-01-28,1
"901",-6.6,-2.7,86.7,26.58,26.76,28,1993-02-04,2
"902",-5.8,-1.9,78.7,25.7,25.36,28,1989-12-20,12
"903",-4.1,-2.5,86.7,24.3,24.87,28,1992-11-05,11
"904",-4.1,-1.5,82.1,26.37,27.54,28,1995-02-20,2
"905",-6.9,0.2,85.9,25.26,25.7,28,1995-10-23,10
"906",-5.4,-3,81.6,27.38,27.85,28,1993-07-02,7
"907",-1,-2.5,80.7,28.94,30.16,28,1998-02-04,2
"908",-2.8,-3.3,84.4,27.79,29.24,28,1998-01-20,1
"909",-6.4,-2.6,83.3,25,24.98,28,1996-09-06,9
"910",-6,3.5,72.2,28.3,28.61,28,1997-09-10,9
"911",-3.8,-1.8,84.1,24.38,24.62,28,1996-11-18,11
"912",3.1,-1.5,94.3,25.69,28.35,28,1998-02-16,2
"913",-1.4,-4.7,85.6,28.38,29.58,28,1998-04-01,4
"914",-3.6,1.5,70.6,28.34,28.9,28,1997-07-24,7
"915",-5.5,-4.7,84,26.66,26.99,28,1993-03-08,3
"916",-8.1,1.9,74.3,28.69,28.93,28,1997-07-19,7
"917",-6.9,-1,80.5,29.12,29.09,28,1992-04-19,4
"918",-7.2,2.2,85.2,26.17,26.78,28,1994-02-11,2
"919",-5.8,1.6,80.2,26.13,26.54,28,1994-08-04,8
"920",-6.1,1.2,84.6,24.81,25.17,28,1995-08-20,8
"921",-4.2,1.8,82.2,26.25,26.69,28,1993-11-22,11
"922",-0.6,1.5,75.8,28.64,29.16,28,1992-03-29,3
"923",-5.7,-1.2,89.2,26.45,25.9,28,1990-02-11,2
"924",-2.2,-2.6,80.9,28.68,28.94,28,1992-03-21,3
"925",-5.7,-1.1,90.2,27.39,29.72,28,1997-12-31,12
"926",-5.4,-1.1,75.5,25.78,25.97,28,1997-02-09,2
"927",-5.5,2,75.1,27.95,28.06,28,1997-05-28,5
"928",-5.2,-1.7,95.7,23.55,23.42,28,1995-12-09,12
"929",-7.2,-1.5,83.7,27.83,28.33,28,1994-05-07,5
"930",-6.4,-0.7,88.9,26.28,26.23,28,1996-02-22,2
"931",-5.4,-1.3,87.7,26.06,26.24,28,1995-06-28,6
"932",-6.3,0.2,89.3,25.77,25.42,28,1996-02-02,2
"933",-7.3,-1.9,84.7,26.33,27.14,28,1995-06-19,6
"934",-6.5,-1.6,89.7,24.74,24.98,28,1995-08-26,8
"935",-4.1,-3.2,86.8,24.33,24.04,28,1995-12-18,12
"936",-3.9,-0.4,79.6,27.32,28.3,28,1994-04-24,4
"937",-4,-2.2,90.6,24.37,24.06,28,1995-12-15,12
"938",-3.3,-2.4,78.9,25.66,26.22,28,1992-11-20,11
"939",-7.6,-1,79.2,25.97,25.79,28,1989-12-13,12
"940",-4,3.2,75.1,27.72,28.65,28,1997-08-31,8
"941",-7.8,-1.7,89.3,25.19,25.3,28,1995-09-24,9
"942",-4.3,-1,88.7,27.82,29.23,28,1993-05-07,5
"943",-6,1.5,83.2,25.58,25.63,28,1993-10-23,10
"944",-3.6,-1.4,78.4,25.12,25.74,28,1996-08-15,8
"945",-6.1,-0.8,82.6,26.09,26.95,28,1994-07-19,7
"946",-6.3,1,72.2,28.15,28.41,28,1997-08-25,8
"947",-4.8,0,79.8,26.68,26.99,28,1995-06-06,6
"948",-2.9,-0.1,75.5,27.27,27.99,28,1995-04-15,4
"949",-5.6,-0.1,75.8,27.91,27.87,28,1991-12-29,12
"950",-7.4,1.6,70.9,26.68,27.01,28,1994-11-01,11
"951",-6.2,1.3,85.8,26.29,26.84,28,1995-02-15,2
"952",-3.5,-3.8,82.8,26.1,26.55,28,1995-05-29,5
"953",-6.5,-2.9,87,25.19,25.3,28,1994-02-02,2
"954",-7.5,-0.5,75.5,25.39,26.38,28,1996-09-19,9
"955",1.1,-4.5,81.5,28.9,30,28,1998-02-06,2
"956",-3.3,-2.8,75.5,26.67,27.3,28,1997-03-21,3
"957",-4.6,3.5,67.3,28.22,28.59,28,1997-09-16,9
"958",-8.5,-3,80.7,26.53,27.64,28,1994-07-05,7
"959",-9.3,0.5,89,26.29,26.92,28,1994-02-17,2
"960",-6,-1.1,77.8,27.42,28.33,28,1995-04-24,4
"961",-3.8,0.4,82.4,28.36,28.79,28,1992-04-24,4
"962",-2.4,1.1,69.4,27.95,28.92,28,1997-06-05,6
"963",-2.6,-2.1,93.1,25.06,25.09,28,1998-06-15,6
"964",-5.2,0.2,79.5,26.84,27.4,28,1995-03-27,3
"965",-6.3,0.2,86.3,25.66,25.16,28,1992-11-14,11
"966",-8.5,-1.8,75.9,26.98,26.86,28,1996-07-11,7
"967",-7,-0.2,80.4,26.01,25.48,28,1989-12-18,12
"968",-9.1,-0.1,80.2,26.88,27.56,28,1994-07-07,7
"969",-7.5,2.2,76.7,28.26,28.67,28,1997-05-13,5
"970",-8.2,1.2,83.7,25.9,26.36,28,1994-01-19,1
"971",-7.1,-2.2,85.5,26.1,25.99,28,1993-01-01,1
"972",-4.7,-3.8,85.2,27.62,28.05,28,1993-03-27,3
"973",-4.9,1.6,78.8,25.31,25.67,28,1996-08-14,8
"974",-5.5,-3.2,89.8,24.58,24.35,28,1992-11-11,11
"975",-6.3,3.3,73.9,28.57,28.94,28,1997-10-01,10
"976",-6.1,-3.8,82,26.02,26.24,28,1993-01-07,1
"977",-5.7,-2.2,84.1,26.25,26.08,28,1990-02-02,2
"978",-7.4,2.7,75.5,28.49,28.95,28,1997-07-18,7
"979",-8.8,-0.1,80.4,25.98,26.47,28,1995-07-17,7
"980",-8.3,1.3,82.4,28.68,28.56,28,1992-03-02,3
"981",-5.6,1.4,80.6,26.33,26.61,28,1993-11-26,11
"982",-4.5,1.3,76.5,29.29,29.7,28,1997-12-03,12
"983",-7.8,-2.3,80,26.61,26.85,28,1995-02-12,2
"984",-3.3,1.6,77.6,27.41,28.01,28,1997-05-21,5
"985",-6.7,0.5,78.1,26.37,26.19,28,1990-01-02,1
"986",-5.7,-0.9,84.6,26.88,27.64,28,1994-03-16,3
"987",-8.2,-1.6,75.5,26.16,26.11,28,1997-02-16,2
"988",-4.4,-2,88.1,27.99,29.68,28,1998-05-11,5
"989",-8.4,-1,80,26.57,26.65,28,1995-01-27,1
"990",-5.6,-0.2,90.3,25.38,25.36,28,1994-01-30,1
"991",-2.1,-0.6,86.3,27.38,27.77,28,1993-03-20,3
"992",-2.2,-6.2,86.4,28.11,29.09,28,1998-02-26,2
"993",-6.7,0.9,81.4,26.57,26.72,28,1995-01-29,1
"994",-4.5,-1,80,26.55,26.89,28,1996-07-02,7
"995",-7,-0.7,73.4,27.99,27.89,28,1991-12-25,12
"996",-4.2,-1.1,79.7,25.94,26.83,28,1995-05-03,5
"997",-3,-1.6,85.9,26.22,26.86,28,1993-02-25,2
"998",-7.4,-0.3,85.4,25.74,26.3,28,1994-02-25,2
"999",-5.8,-1,76.6,26.96,27.39,28,1994-11-29,11
"1000",-5.6,-3,76,26.33,27,28,1994-11-08,11
"1001",-6.7,2.5,82,24.18,24.26,46,1993-09-09,9
"1002",-4.9,2.4,79.7,24.7,25.03,46,1992-08-07,8
"1003",-6.7,3.3,86.6,25.73,25.74,46,1997-02-25,2
"1004",-4.7,3.8,85,24.42,24.07,46,1993-12-08,12
"1005",-5.8,1.8,69.1,26.01,26.81,46,1997-07-28,7
"1006",-4.3,4.7,80.5,27.36,27.19,46,1998-05-25,5
"1007",-5.2,-0.2,75.6,24.89,25.32,46,1995-06-27,6
"1008",-6.4,4.2,80.5,24.19,24.19,46,1992-09-16,9
"1009",-7.6,2,80.1,25.2,25.04,46,1991-08-15,8
"1010",-6.3,-0.4,81.3,24.78,24.68,46,1993-01-16,1
"1011",-6.4,2.5,84.1,24.32,24.75,46,1994-12-14,12
"1012",-4.7,1.4,77,25.12,25.15,46,1991-08-06,8
"1013",-7.8,2.1,86.1,25.24,25.23,46,1995-01-11,1
"1014",-7.5,1.6,85.3,25.63,25.59,46,1996-05-30,5
"1015",-6.9,2,76.8,23.55,23.62,46,1994-09-17,9
"1016",-5.7,4.9,82.5,26.81,27.28,46,1997-12-15,12
"1017",-7.2,-0.3,81.2,24.99,25.51,46,1996-07-03,7
"1018",-7,0.1,88.3,26.31,27.55,46,1995-03-31,3
"1019",-7.8,2.3,81.5,23.66,24.48,46,1994-08-30,8
"1020",-4.6,1.8,85.1,22.51,22.99,46,1996-11-19,11
"1021",-6,4.3,79.3,24.19,24.08,46,1992-09-11,9
"1022",-7.6,-0.1,82.8,24.56,24.48,46,1996-07-21,7
"1023",-4,2.2,80,25.07,25.36,46,1994-01-17,1
"1024",-4.9,4,83.5,25.68,25.81,46,1994-02-03,2
"1025",-5.5,4.2,79.2,27.37,27.6,46,1995-04-11,4
"1026",-6.2,1,79.3,26.57,26.48,46,1991-06-10,6
"1027",-4.7,3,80.4,26.66,26.84,46,1995-05-16,5
"1028",-5.7,1.9,72.4,26.58,26.91,46,1995-05-10,5
"1029",-4.9,4.1,77.6,26.9,27.47,46,1995-03-06,3
"1030",-6.8,3.5,77.2,27.05,27.4,46,1995-03-05,3
"1031",-8.1,1.4,79.2,23.89,23.56,46,1994-08-17,8
"1032",-6.8,1.6,74.6,24.28,24.6,46,1994-11-29,11
"1033",-5.5,1.7,78.6,24.3,24.19,46,1993-10-09,10
"1034",-6.3,2.5,80.9,23.02,24.01,46,1996-11-26,11
"1035",-3.3,3.1,86.6,27.28,28.43,46,1998-02-26,2
"1036",-6.4,3.5,74.8,27.05,27.66,46,1995-03-19,3
"1037",-4.9,1.2,85.2,27.09,27.46,46,1993-03-20,3
"1038",-7.7,4.1,76.1,26.38,26.87,46,1997-10-25,10
"1039",-5.4,0.4,79,23.17,24.16,46,1997-01-06,1
"1040",-5,2,83.7,24.02,23.96,46,1993-09-29,9
"1041",-7.5,0.5,79.7,26.61,26.62,46,1991-06-19,6
"1042",-6.2,2.5,79.3,24.11,23.67,46,1991-09-29,9
"1043",-6.5,3.8,79.5,27.53,27.38,46,1993-05-23,5
"1044",-3.8,1.9,86.6,28.14,28.94,46,1998-02-18,2
"1045",-6,2.6,76.2,24.07,24.44,46,1992-09-21,9
"1046",-7.2,2.3,82.1,25.24,25.25,46,1995-01-12,1
"1047",-4.5,2.6,86.3,24.84,25.79,46,1997-02-17,2
"1048",-6.7,0.6,77.7,26.45,26.63,46,1991-06-24,6
"1049",-7.7,2.8,86.7,26.78,27.54,46,1995-03-28,3
"1050",-5.7,0.7,79.3,28,28.04,46,1992-05-01,5
"1051",-6.2,2.2,77.9,26.65,26.72,46,1993-06-15,6
"1052",-6,5.6,82,23.87,24.24,46,1995-09-04,9
"1053",-5.7,1.9,83.9,26.7,27.65,46,1995-03-26,3
"1054",-6.5,1.6,77.6,26.7,27.08,46,1995-04-22,4
"1055",-4.1,0.4,81.3,23.68,23.55,46,1991-09-18,9
"1056",-5.4,2.1,76.2,25.86,25.98,46,1992-01-22,1
"1057",-5.9,-1,77,26.57,26.85,46,1991-05-24,5
"1058",-6.2,1.4,82.4,24.97,25.78,46,1995-06-23,6
"1059",-7.6,0,86.7,24.3,23.87,46,1991-09-02,9
"1060",-5.7,3.3,78.5,24.07,24.58,46,1992-10-22,10
"1061",-7.7,2.6,80.6,23.55,23.7,46,1994-09-09,9
"1062",-4.8,2.6,76.9,25.19,25.29,46,1994-01-16,1
"1063",-6.1,0.4,78.7,25.39,25.47,46,1994-01-20,1
"1064",-6.8,3.7,72.3,23.96,24.26,46,1992-10-28,10
"1065",-7.6,2.8,82,27.92,27.94,46,1992-04-23,4
"1066",-5,2.6,78.5,23.96,24.12,46,1992-12-03,12
"1067",-9.4,2.9,80.9,26.9,27.26,46,1992-06-04,6
"1068",-4.3,3.2,85.4,26.09,27.71,46,1997-04-26,4
"1069",-7.2,1.3,75.6,25.43,25.84,46,1993-07-30,7
"1070",-7.7,2.5,79,26.89,26.56,46,1994-05-03,5
"1071",-6.9,4.2,89.8,27.48,28.52,46,1998-02-13,2
"1072",-7.1,-0.6,80.8,26.74,26.59,46,1994-05-20,5
"1073",-7,1.9,81.8,24.28,24.43,46,1994-10-25,10
"1074",-8.4,4,75.1,26.41,26.87,46,1997-07-08,7
"1075",-5.6,1.9,83.6,25.2,25.44,46,1995-01-19,1
"1076",-7.8,1.5,77,23.89,24,46,1994-10-09,10
"1077",-4.5,5.8,75.7,27.36,28.06,46,1998-01-15,1
"1078",-5.8,3.7,78.3,26.77,26.93,46,1993-06-10,6
"1079",-7.2,3.4,77.3,26.15,26.89,46,1997-10-18,10
"1080",-6.5,4.8,74.6,27.53,27.77,46,1992-05-18,5
"1081",-4.6,3.3,79.3,27.9,28.62,46,1998-02-11,2
"1082",-7.7,2.8,78.8,27.21,27.55,46,1995-03-18,3
"1083",-7.5,2.8,78.4,27.13,27.45,46,1995-03-13,3
"1084",-3.4,1.6,82.8,28.02,28.57,46,1993-04-03,4
"1085",-5.1,0.4,77.6,24.86,25.4,46,1995-06-26,6
"1086",-7.2,0.1,80.1,24.19,23.86,46,1991-10-03,10
"1087",-5.2,0.6,87.5,26.43,26.83,46,1993-02-20,2
"1088",-4.6,1.6,87.8,27.9,28.87,46,1998-04-13,4
"1089",-6.8,1.3,80.5,28.12,28.05,46,1992-05-02,5
"1090",-5.2,3.6,80.1,26.56,26.87,46,1993-06-11,6
"1091",-6.5,0.6,80.1,24.5,24.66,46,1991-10-21,10
"1092",-6.4,0.4,82.8,24.07,23.94,46,1992-09-02,9
"1093",-3.4,-2.2,89.4,28.22,28.83,46,1998-03-23,3
"1094",-6,3.3,79.7,24.38,23.93,46,1991-08-31,8
"1095",-3.7,3.5,78.5,27.87,28.53,46,1998-02-10,2
"1096",-5.1,1.2,94.5,25.76,27.21,46,1993-03-14,3
"1097",-7.4,2.6,90.5,26.39,26.52,46,1995-02-15,2
"1098",-6.9,0.5,80.1,24.77,24.75,46,1991-11-19,11
"1099",-6.3,5.2,77.7,26.27,26.75,46,1997-09-13,9
"1100",-1.5,-3.8,88.2,26.04,26.57,46,1994-05-07,5
"1101",-6.7,1.4,81.2,25.19,25.59,46,1993-07-31,7
"1102",-7.7,0.3,75.1,24.39,24.44,46,1994-10-28,10
"1103",-6.5,2.7,79,23.02,23.62,46,1996-10-30,10
"1104",-5.4,1.7,78.3,26.49,27.01,46,1997-06-12,6
"1105",-7.3,2.3,78.5,24.74,25.04,46,1992-08-16,8
"1106",-5.5,-0.5,83.6,23.96,24.18,46,1992-12-14,12
"1107",-6.9,3.5,84,25.45,25.24,46,1992-06-27,6
"1108",-6.2,3.3,78.1,23.59,23.94,46,1994-09-07,9
"1109",-8.6,2.2,78.1,25.75,25.55,46,1991-07-19,7
"1110",-4.7,1.4,86.5,25.15,25.32,46,1996-06-06,6
"1111",-6.2,2.6,78.4,26.7,27.01,46,1995-05-13,5
"1112",-6.7,2.8,76.4,24.35,24.65,46,1994-11-02,11
"1113",-6,0.3,88.1,24.47,24.76,46,1994-07-13,7
"1114",-4.6,3.2,80.7,24.34,24.16,46,1993-10-08,10
"1115",-6.2,3.5,80.9,27.23,27.3,46,1991-04-17,4
"1116",-6.3,3.7,78.5,26.93,27.19,46,1997-12-10,12
"1117",-4.8,1.3,81,23.7,23.42,46,1994-09-27,9
"1118",-3.7,0.5,85.5,23.94,24.67,46,1993-09-01,9
"1119",-0.9,0.2,77.6,28.06,28.39,46,1993-03-27,3
"1120",-4.8,5.2,84.1,27.59,28.23,46,1998-01-25,1
"1121",-8.2,2.9,79.7,27.06,27.24,46,1992-06-05,6
"1122",-7.7,0.4,82.8,25.4,25.57,46,1991-07-22,7
"1123",-7.7,3.5,78.3,27.24,27.65,46,1997-05-16,5
"1124",-6.4,1.5,80.7,24.18,24.49,46,1993-09-08,9
"1125",-3.5,-0.3,81.6,27.14,27.63,46,1993-03-08,3
"1126",-8.3,1.7,82,25.12,25.01,46,1991-08-14,8
"1127",-5.3,-1.6,82.8,23.84,23.73,46,1992-12-25,12
"1128",-5.8,2.2,74.2,25.08,24.98,46,1991-11-27,11
"1129",-5,1.4,80.5,24.54,24.5,46,1993-01-12,1
"1130",-5.3,0.6,87.5,25.91,27.5,46,1995-03-23,3
"1131",-5.5,1.8,78.6,24.38,23.9,46,1993-12-14,12
"1132",-6.4,2.9,77.1,26.49,26.95,46,1997-06-22,6
"1133",-5.3,4.5,80.8,25.11,25.27,46,1994-01-14,1
"1134",-5,-0.8,81.6,22.97,22.76,46,1992-09-29,9
"1135",-6.8,1.1,83.6,25.4,25.4,46,1991-07-24,7
"1136",-5.5,0.2,73.8,26.49,26.89,46,1991-05-22,5
"1137",-6.3,2.7,86.1,24.4,24.42,46,1996-07-23,7
"1138",-6.6,-0.5,81.6,25.59,25.35,46,1991-12-21,12
"1139",-5.6,3.8,83.7,25.81,25.97,46,1994-06-13,6
"1140",-7.1,0.9,77.7,23.92,23.76,46,1992-11-20,11
"1141",-6.6,1.9,87.3,26.24,26.2,46,1994-02-14,2
"1142",-4.3,3.9,75.8,26.65,26.73,46,1991-05-29,5
"1143",-5.4,3,84.8,22.78,23.58,46,1996-10-21,10
"1144",-8.1,0.6,75.8,24.34,24.21,46,1991-09-11,9
"1145",-5.3,3.7,78.9,25.27,25.07,46,1993-08-02,8
"1146",-6.8,3.3,81.6,26.5,26.8,46,1995-02-25,2
"1147",-6.4,4.1,78.6,24.24,24.62,46,1994-12-01,12
"1148",-8,0.7,80.9,24.42,24.38,46,1991-10-14,10
"1149",-6.8,2.9,76.9,23.51,23.77,46,1994-09-11,9
"1150",-5.5,3.5,84,23.99,23.12,46,1992-08-23,8
"1151",-5.2,3.1,85.6,26.32,26.21,46,1994-02-11,2
"1152",-5.7,4.3,74.2,24.91,25.06,46,1993-10-26,10
"1153",-3.7,4.2,82.2,27.09,27.66,46,1993-05-17,5
"1154",-4.6,1.3,90,26,26.6,46,1994-02-27,2
"1155",-6.7,2.2,85,25.16,25.41,46,1995-01-18,1
"1156",-6.8,1.2,81.9,25.01,25.02,46,1994-07-03,7
"1157",-6.9,-0.4,77.5,26.65,26.97,46,1997-06-10,6
"1158",-5.8,2.5,78.1,24.07,24.14,46,1992-09-14,9
"1159",-5.4,3,83.2,27.49,27.59,46,1993-04-21,4
"1160",-7.7,4.6,73.4,26.12,26.22,46,1992-07-10,7
"1161",-6.4,2.4,80.9,23.88,24.23,46,1992-10-30,10
"1162",-7.9,0.6,86.1,25.31,25.2,46,1996-06-20,6
"1163",-5.8,2.2,83.2,22.67,23.76,46,1996-10-17,10
"1164",-7.2,2.4,78.5,24.5,24.4,46,1991-11-04,11
"1165",-6.7,-0.8,85.3,25.11,25.43,46,1996-06-22,6
"1166",-6.8,2.1,80.8,24.3,24.29,46,1993-09-14,9
"1167",-4.8,0.6,80.1,23.37,23.53,46,1992-11-14,11
"1168",-3.9,-0.4,72,25.72,26.56,46,1995-06-12,6
"1169",-6.9,3.2,85.7,23.89,23.71,46,1994-08-03,8
"1170",-5.8,3.6,79.9,27.2,27.75,46,1997-05-03,5
"1171",-5.1,6,82.3,25.63,25.51,46,1994-01-21,1
"1172",-9.1,3.5,80.7,26.13,26.91,46,1997-07-02,7
"1173",-7.4,3.8,81.9,24.47,24.75,46,1994-12-12,12
"1174",-7.9,1,74.7,26.37,26.97,46,1997-08-04,8
"1175",-0.9,2.7,78,27.66,28.17,46,1993-03-23,3
"1176",-4.7,2.5,81.6,24.66,24.88,46,1993-01-08,1
"1177",-8.4,-0.7,78.7,26.65,26.99,46,1997-06-20,6
"1178",-6,1.1,80.9,24.34,24.4,46,1991-11-01,11
"1179",-1.4,3.5,76.5,27.71,28.65,46,1998-02-06,2
"1180",-8.2,2.3,77.3,25.71,25.59,46,1991-07-20,7
"1181",-5,1.8,80.9,24.47,24.82,46,1993-01-09,1
"1182",-7.3,0.7,76.1,24.39,24.65,46,1994-11-05,11
"1183",-4.8,1.4,80.5,25.76,25.95,46,1993-07-13,7
"1184",-7.1,1.8,77.9,24.79,24.97,46,1993-10-21,10
"1185",-4.6,1.3,80.5,25.84,26.13,46,1993-02-11,2
"1186",-5.9,3,76.7,26.65,27.13,46,1997-05-29,5
"1187",-3.3,3.5,81.7,27.4,28.5,46,1998-02-09,2
"1188",-5.7,-0.2,83.6,22.36,23.07,46,1996-11-13,11
"1189",-7,2.5,79.3,26.98,27.07,46,1992-06-08,6
"1190",-7.2,2.4,79.4,22.9,23.7,46,1996-10-31,10
"1191",-6.3,1.2,82.1,28.8,28.95,46,1998-04-15,4
"1192",-5.1,0.8,83.1,26.58,26.38,46,1994-05-11,5
"1193",-6.7,1.7,77.2,26.5,26.7,46,1995-05-31,5
"1194",-7.4,2.2,81.6,27.27,27.18,46,1991-05-03,5
"1195",-7.3,2.4,78.3,26.09,26.77,46,1997-07-20,7
"1196",-5.9,4.7,87.4,27.12,28.11,46,1998-01-10,1
"1197",-7,3,81.6,24.51,24.75,46,1994-12-13,12
"1198",-5,3.3,86.7,23.17,22.9,46,1995-08-20,8
"1199",-6.7,3.1,73.1,26.21,26.97,46,1997-08-09,8
"1200",-6.8,2.5,76.2,26.53,26.76,46,1991-06-25,6
"1201",-3.5,-2.2,86.8,26.93,28.38,49,1995-05-31,5
"1202",2.5,-1.1,81.6,28.69,29.91,49,1993-04-13,4
"1203",-7.1,-2.5,73.7,26.69,27.57,49,1995-12-29,12
"1204",-3.8,-0.5,71.1,27.89,28.7,49,1991-10-18,10
"1205",-2.4,-1.4,76.2,27.65,28.6,49,1991-09-29,9
"1206",1.5,-0.2,86,26.78,29.19,49,1998-02-19,2
"1207",4.2,-0.9,80.5,28.48,29.2,49,1998-02-06,2
"1208",-3.7,-3.7,82.3,26.85,27.21,49,1996-11-29,11
"1209",2.9,-1.5,85.6,27.65,29.31,49,1998-03-27,3
"1210",-0.6,-2.4,78.5,27.89,29.38,49,1991-12-21,12
"1211",-4.3,-1.8,80.1,29.11,29.89,49,1997-12-17,12
"1212",-6.1,-2.3,81.8,26.35,27.76,49,1995-10-06,10
"1213",-6.9,2.1,81.1,28.55,28.74,49,1997-07-26,7
"1214",-4.4,-0.9,85.1,28.6,29.49,49,1998-05-25,5
"1215",-4.9,-2.3,84.1,27.56,28.73,49,1995-04-12,4
"1216",0.7,-0.9,77.3,27.89,29.09,49,1992-06-23,6
"1217",-6.7,-0.8,86,26.27,27.2,49,1995-09-17,9
"1218",-7,-0.1,80.3,28.83,28.85,49,1997-05-16,5
"1219",-5.8,-1.4,77.5,26.66,27.95,49,1995-07-29,7
"1220",-5.8,-5.8,81.6,28.57,28.93,49,1992-01-23,1
"1221",-6.3,-3,81.3,28.49,29.29,49,1993-06-29,6
"1222",-8.4,-0.5,80.2,27.48,28.41,49,1995-07-06,7
"1223",4.4,-5.1,78.4,28.6,29.27,49,1998-04-28,4
"1224",-3.5,-5.5,81,27.46,27.8,49,1996-10-12,10
"1225",-4.4,-2.3,72.3,27.39,27.96,49,1992-11-20,11
"1226",-4.6,-1,78.5,28.57,29.39,49,1991-12-24,12
"1227",-7.1,0.9,78.9,27.58,27.77,49,1996-08-24,8
"1228",-2.7,-3.6,78.1,28.8,29.56,49,1993-06-17,6
"1229",-3.8,-2.4,76.6,27.94,28.61,49,1993-09-10,9
"1230",-5.9,-6.2,76.2,27.2,27.8,49,1996-12-22,12
"1231",2,1.3,77.3,29.05,29.55,49,1992-03-23,3
"1232",-5.2,-3,78.5,27.04,27.47,49,1996-09-16,9
"1233",-1.4,-4.9,71.9,27.78,28.62,49,1993-10-26,10
"1234",-7.4,-0.9,80.9,28.37,28.74,49,1993-07-24,7
"1235",-3.8,-1.1,73,28.01,29.08,49,1992-07-10,7
"1236",-2.7,0.2,81.5,28.59,29.4,49,1997-06-17,6
"1237",2,-2.5,78.9,28.57,29.23,49,1992-01-29,1
"1238",-4.9,-2.8,62.6,27.25,28.06,49,1994-03-04,3
"1239",-3.1,-2.6,77.3,26.89,27.81,49,1996-11-14,11
"1240",-3.7,-1.4,78.1,27.77,28.86,49,1991-10-06,10
"1241",-5.6,-2.5,79.3,28.18,29.11,49,1993-07-06,7
"1242",-0.2,-3.7,70.8,27.73,29.35,49,1998-06-14,6
"1243",-5.4,-1.5,76,27.76,28.13,49,1994-01-26,1
"1244",-4.8,-2.4,71.3,28.19,28.37,49,1994-04-02,4
"1245",-6.8,-0.2,80.1,28.93,29.28,49,1992-06-09,6
"1246",-4.5,-0.9,67.2,27.76,28.69,49,1993-11-25,11
"1247",-4.6,-3.7,79.7,27.75,28.02,49,1993-01-03,1
"1248",-8.2,-0.5,81.8,26.46,27.59,49,1995-09-01,9
"1249",2.8,-1.9,83.4,27.49,29.31,49,1998-02-23,2
"1250",-0.8,0.6,86,28.4,29.17,49,1998-02-03,2
"1251",-5.5,-1.2,74.5,28.35,28.73,49,1994-06-25,6
"1252",-5,-4.7,76.3,25.72,26.52,49,1995-10-22,10
"1253",-4.6,0,73.1,28.35,28.33,49,1994-03-25,3
"1254",-5.4,-2.1,77.3,28.07,28.36,49,1994-04-12,4
"1255",-5.8,-4.2,79.9,27.12,27.34,49,1997-01-24,1
"1256",-3.9,-3.2,80.9,27.63,28.03,49,1992-08-22,8
"1257",-5.5,-0.2,77,27.85,28.32,49,1991-09-19,9
"1258",-4.8,-0.9,79.5,28.35,28.76,49,1997-05-08,5
"1259",-0.9,-3.3,82.5,27.4,29.19,49,1995-05-03,5
"1260",-5.8,-4.2,82.1,25.88,27.44,49,1995-10-09,10
"1261",-6.7,-2.4,76.2,26.61,27.3,49,1996-02-02,2
"1262",-5.7,-1.3,72.7,28.54,29.07,49,1994-06-04,6
"1263",0.4,-0.4,74.8,27.64,28.61,49,1994-04-16,4
"1264",-5.9,-2,75.8,28.33,28.51,49,1991-10-24,10
"1265",-6,-2.4,79.3,27.71,28.03,49,1993-01-01,1
"1266",-7.8,-1.4,82.4,28.43,29.05,49,1997-07-12,7
"1267",0.6,2.8,88.1,27.29,29.33,49,1998-05-22,5
"1268",-5.5,-4.5,81,27.79,28.88,49,1994-12-30,12
"1269",-4.9,-2,74.4,27.17,28.51,49,1994-10-23,10
"1270",-5.6,-3.8,80.2,27.19,27.52,49,1996-09-02,9
"1271",-6.7,-0.8,77,28.79,29.09,49,1997-06-19,6
"1272",-8,-2.5,76.8,27.58,27.7,49,1996-08-22,8
"1273",-1.6,0.5,69.5,29.27,30.23,49,1997-12-27,12
"1274",-4.3,-4.9,77.1,27.44,28.97,49,1995-01-20,1
"1275",-6.2,-1.1,87.1,26.8,27.71,49,1996-03-26,3
"1276",-4.4,-2.7,77.7,27.9,28.53,49,1993-09-28,9
"1277",-5.5,-0.2,79.7,27.59,27.69,49,1992-09-19,9
"1278",-6.6,0.2,75.6,27.42,27.77,49,1996-10-23,10
"1279",-6.5,-0.6,76.6,27.81,28.45,49,1991-10-21,10
"1280",3.2,-5.9,78.5,27.55,28.11,49,1993-01-11,1
"1281",1.3,-1.1,80.1,27.27,28.46,49,1992-11-05,11
"1282",-5,-0.9,77.7,28.73,29.28,49,1992-06-11,6
"1283",-6.8,-1.6,77.6,27.84,28.21,49,1994-01-22,1
"1284",-6.5,-1.9,76.7,27.95,29.26,49,1994-12-06,12
"1285",-4.6,-2.6,75.4,28.05,28.47,49,1992-07-31,7
"1286",-5.6,-2.8,70.8,26.26,27.6,49,1996-01-03,1
"1287",-6.9,-2,75.4,27.84,27.73,49,1994-02-19,2
"1288",-4.8,-1,73.2,28.62,29.22,49,1994-05-16,5
"1289",-3.1,-5,76.2,27.43,27.83,49,1992-11-30,11
"1290",-4.9,0,71.5,28.58,29.14,49,1994-05-21,5
"1291",-5.8,-3.2,81.4,25.95,27.44,49,1995-09-24,9
"1292",-7.8,-1.9,75,27.98,27.63,49,1992-08-31,8
"1293",-5.7,0.9,86,27.89,29.5,49,1998-06-02,6
"1294",-5,-0.8,83.9,28.52,29.58,49,1998-05-11,5
"1295",-4.3,-0.2,73,28.17,28.7,49,1991-10-29,10
"1296",-5.2,-0.2,85.6,25.56,26.65,49,1995-10-18,10
"1297",-3.7,-0.3,77,29,29.77,49,1993-05-23,5
"1298",-6.2,-1.1,88,26.46,27.7,49,1996-03-21,3
"1299",-5.8,-0.6,82.8,28.92,29.79,49,1993-05-19,5
"1300",-5.5,0.1,73.3,28.62,28.83,49,1994-06-18,6
"1301",-6.8,-2,76.3,27.21,28.46,49,1994-10-20,10
"1302",-6.2,-2.2,74.6,28.22,28.56,49,1993-10-14,10
"1303",-6.8,1.3,79.3,28.09,28.23,49,1991-08-28,8
"1304",5.6,-5.1,88.1,26.9,29.19,49,1998-03-17,3
"1305",-4.6,-3.2,82.1,27.21,28.69,49,1995-05-22,5
"1306",-0.7,-2.8,82.9,27.09,29.36,49,1995-02-23,2
"1307",-2.1,-3.9,77.5,27.17,28.84,49,1995-02-02,2
"1308",-3.6,-2.4,74.4,27.09,29,49,1994-11-10,11
"1309",-4.1,-3.7,84.5,27.44,28.85,49,1995-05-16,5
"1310",-5.2,0.8,79,26.19,26.87,49,1995-10-29,10
"1311",-1.9,-2.6,75.6,26.5,27.48,49,1996-11-12,11
"1312",-2.6,-5.4,75.3,27.76,28.63,49,1993-11-06,11
"1313",-3.1,-3.6,73,27.35,27.88,49,1992-11-27,11
"1314",-0.9,-3.5,62.7,28.5,29.34,49,1994-04-26,4
"1315",-4,-2.9,82.1,27.4,28.44,49,1995-06-21,6
"1316",-5.2,-2,73.2,27.41,27.6,49,1994-02-28,2
"1317",-7.2,0.3,75.8,28.53,29.03,49,1993-07-15,7
"1318",-5.1,-4.6,82.8,27.75,28.01,49,1997-03-12,3
"1319",-6.5,-1.7,74.4,27.87,29.21,49,1994-12-05,12
"1320",-4.3,1.3,85.6,28.16,29.62,49,1998-05-10,5
"1321",-4.7,-2,74.2,27.93,28.75,49,1991-10-11,10
"1322",-6.4,-1.8,82.5,26.89,28.38,49,1995-07-17,7
"1323",-5.6,-5.1,78.9,28.06,28.37,49,1993-02-24,2
"1324",-4.8,1,80.2,27.21,28.58,49,1995-06-06,6
"1325",-4.5,0.9,81.5,28.31,29.23,49,1997-06-26,6
"1326",-4.3,0,76.6,29.43,29.87,49,1993-04-29,4
"1327",0,2.7,79.3,28.05,29.77,49,1992-01-16,1
"1328",1.8,-7.2,77,27.55,28.15,49,1993-02-06,2
"1329",-5,-1.7,85.6,27.64,28.76,49,1995-05-07,5
"1330",-7.3,-2.1,80.1,28.17,28.47,49,1991-08-01,8
"1331",-3.1,-1.3,80.5,28.57,29.78,49,1993-04-20,4
"1332",-7.6,-3.1,74.1,27.24,27.86,49,1997-01-19,1
"1333",-9,-1.8,82.1,27.13,27.74,49,1995-08-04,8
"1334",-3.2,1.5,80.9,28.36,29.35,49,1998-05-05,5
"1335",-6.4,0.2,74.6,27.73,28.28,49,1992-08-12,8
"1336",-2.8,-4.5,76.8,26.62,27.19,49,1996-12-03,12
"1337",-7.3,-1.5,78.5,27.23,27.54,49,1996-09-07,9
"1338",-1.5,-4,78.3,26.93,28.54,49,1994-10-31,10
"1339",-4.3,-5.3,78.7,26.88,27.27,49,1997-01-30,1
"1340",5,-3.9,81.6,27.97,29.06,49,1991-12-04,12
"1341",-4.4,-3.5,72.2,27.99,28.44,49,1993-12-04,12
"1342",-2.3,-2,71.9,27.69,28.7,49,1991-10-13,10
"1343",-1.7,-6.8,75.4,27.71,28.06,49,1992-11-26,11
"1344",-8.7,-0.6,76.4,27.62,27.89,49,1996-10-10,10
"1345",-4.9,-3.2,84.5,27.25,28.53,49,1995-02-16,2
"1346",-3.4,1.8,80.9,28.76,29.59,49,1998-05-06,5
"1347",-8.7,-2.5,81.5,27.91,27.75,49,1997-03-01,3
"1348",-6.9,-1,75.8,28.75,29.01,49,1997-07-02,7
"1349",-1.6,-4.9,72.7,27.51,28.48,49,1992-11-10,11
"1350",-0.6,-4,76.7,28.84,29.95,49,1997-12-22,12
"1351",-6.4,-2.5,83.3,27.87,29.06,49,1994-12-18,12
"1352",-3.2,-1.4,74.1,28.19,28.66,49,1994-03-29,3
"1353",-2.3,0.1,77.7,28.29,28.99,49,1993-04-02,4
"1354",0.8,-7.8,79.6,28.56,29.1,49,1998-04-02,4
"1355",0.2,-6.5,82.4,27.93,28.85,49,1992-01-27,1
"1356",-7.1,0.9,68.9,28.89,29.07,49,1994-05-25,5
"1357",-7.4,-1.3,75.4,28.01,28.24,49,1991-09-07,9
"1358",0.2,1.5,82.8,27.67,29.17,49,1997-06-04,6
"1359",-7.2,-1.9,80.8,26.84,27.31,49,1996-02-22,2
"1360",-8.9,-2.2,77.9,26.65,27.2,49,1996-01-09,1
"1361",-7.6,-1.2,78.5,27.31,27.55,49,1996-11-03,11
"1362",-4.2,-2.2,67.9,27.8,28.61,49,1993-11-26,11
"1363",-5.6,-1.4,71.3,25.99,26.63,49,1995-10-23,10
"1364",-4.6,-4.1,78.1,27.51,28.25,49,1992-10-18,10
"1365",-2.8,-4,76.6,27.39,28.26,49,1992-10-16,10
"1366",-5.6,0.1,80.5,28.93,29.98,49,1992-04-30,4
"1367",4.6,1,78.9,28.41,29.53,49,1992-03-19,3
"1368",4.2,-2.7,86.8,27.29,30.28,49,1998-01-05,1
"1369",-4.3,-3.5,75.1,27.6,29.13,49,1994-11-24,11
"1370",1.1,-3.3,78.8,28.16,29.72,49,1997-11-20,11
"1371",-5.1,0.8,73,28.05,28.76,49,1991-10-17,10
"1372",-3.1,-3.9,82.5,27.25,28.98,49,1995-04-28,4
"1373",-6,-2.9,84.5,27.64,28.55,49,1995-05-18,5
"1374",-3,-0.8,82.4,27.57,29.29,49,1991-12-22,12
"1375",0.2,-1.5,69.6,28.31,28.89,49,1994-07-20,7
"1376",-6.7,-1.6,80.1,28.65,29.27,49,1992-06-17,6
"1377",-1,-1.8,70.7,28.19,28.99,49,1994-07-19,7
"1378",-4.4,-0.6,80.1,29,29.82,49,1993-05-09,5
"1379",-5,-2.2,77.1,27.95,29.23,49,1994-11-29,11
"1380",-6.6,-3,82.5,26.74,27.93,49,1995-08-27,8
"1381",-6.6,-0.2,79.9,28.51,28.93,49,1997-07-17,7
"1382",-8.7,-1.7,86,27.56,28.86,49,1995-01-28,1
"1383",-4.3,0.7,75.4,28.69,29.56,49,1992-01-05,1
"1384",-2.9,-0.2,77.7,29,29.5,49,1993-06-13,6
"1385",-3,4.4,80.7,28.15,29.14,49,1997-06-06,6
"1386",-5.6,-5.4,72.7,28.19,28.64,49,1993-12-09,12
"1387",-3.9,-2.1,67.7,29.01,29.71,49,1994-04-23,4
"1388",-2.7,-1.5,85.3,27.01,28.84,49,1995-02-20,2
"1389",-7.5,0.2,81.4,27.6,28.2,49,1995-06-02,6
"1390",6.1,-3.2,81.3,28.53,28.87,49,1992-01-26,1
"1391",-1.8,2.3,84.8,27.4,29.06,49,1997-06-08,6
"1392",-3.6,-7.1,82.1,27.36,28.93,49,1994-12-28,12
"1393",-6.7,-2.6,81.8,26.82,28.37,49,1995-07-14,7
"1394",-5.8,-1.4,77.9,26.57,27.35,49,1996-02-08,2
"1395",-5.6,-1.5,71.5,28.39,28.86,49,1994-06-20,6
"1396",6.3,-1,83,28.04,30.03,49,1998-01-10,1
"1397",-0.9,-4.4,76.4,26.85,27.68,49,1996-11-15,11
"1398",-5.3,-1.2,84.1,27.6,28.85,49,1995-04-30,4
"1399",-6.8,-1.2,81.3,26.53,26.57,49,1996-02-11,2
"1400",-1,-2.6,74.8,26.81,27.77,49,1996-11-16,11
"1401",-4.4,-5.4,81.4,28.15,28.52,43,1994-05-23,5
"1402",-6.2,3.1,80.6,27.45,28.25,43,1994-01-22,1
"1403",3.7,-3.7,80.7,28.19,29.29,43,1997-10-06,10
"1404",-4,-4.3,71.1,28.1,29.08,43,1992-12-13,12
"1405",-4.5,-3.9,82.2,27.57,28.87,43,1994-01-02,1
"1406",-6,-2.8,91.7,26.67,27.09,43,1996-03-17,3
"1407",2.2,4.8,83.9,26.98,29.12,43,1997-10-09,10
"1408",-3.7,2.3,82.6,28.5,29.31,43,1993-08-04,8
"1409",-7.7,0.6,85.3,27.06,29.24,43,1993-12-03,12
"1410",-4.3,-2.2,84.4,27.11,28.56,43,1993-02-19,2
"1411",5.8,-2.7,83.6,27.04,29.11,43,1997-09-18,9
"1412",-4,-1.5,81.1,28.25,28.98,43,1995-03-19,3
"1413",-7.4,3.8,88.5,26.71,27.27,43,1996-01-20,1
"1414",-5.2,1,73.1,28.28,28.8,43,1996-07-31,7
"1415",-1.8,-2.1,87.1,26.84,NA,43,1997-01-05,1
"1416",-4.6,-1,77.6,28.66,29.26,43,1993-12-14,12
"1417",-5.8,3.4,81.1,28.27,29.35,43,1995-08-13,8
"1418",-7.9,-3.7,86,27.21,28.28,43,1994-04-08,4
"1419",-5.9,-1.7,84.3,28.23,28.97,43,1994-06-05,6
"1420",-4.4,2.2,82.2,27.39,28.25,43,1995-12-02,12
"1421",-4.1,-1,78.3,28.62,29.39,43,1993-12-01,12
"1422",-8,-2.8,81.5,28.61,29.12,43,1997-07-13,7
"1423",-3.8,0.2,83.2,26.63,28.35,43,1993-03-27,3
"1424",-6.1,-1.7,80.3,28.23,29.14,43,1995-05-22,5
"1425",-6.2,0.2,80.9,28.22,29.66,43,1992-07-26,7
"1426",-8.1,-4,81.8,27.88,28.33,43,1998-02-08,2
"1427",-4.4,-0.2,75.3,28.55,29.16,43,1997-09-29,9
"1428",-6.2,-4.2,88,28.02,28.6,43,1995-04-06,4
"1429",-7.8,3.7,88.5,26.71,27.65,43,1996-01-08,1
"1430",-5.7,3.2,74.2,28.38,29.61,43,1992-08-24,8
"1431",-6.6,0.9,78.1,28.26,29.11,43,1993-01-02,1
"1432",4.2,-0.8,77.4,27.93,29.38,43,1997-08-29,8
"1433",-0.6,0.4,79.3,27.23,28.42,43,1993-02-04,2
"1434",-6.1,-2,82.8,27.98,29.15,43,1995-01-09,1
"1435",-6.1,-6.6,81.3,27.42,28.11,43,1992-04-14,4
"1436",3,3.3,81,28.25,29.03,43,1997-09-22,9
"1437",-6.4,-1.3,86.2,27.63,28.29,43,1996-06-19,6
"1438",-8.2,2,80.1,27.84,28.17,43,1994-01-18,1
"1439",-3.3,-2.6,80.7,28.23,28.68,43,1994-06-09,6
"1440",-1.3,-0.4,85.4,27.33,29.68,43,1994-07-23,7
"1441",-2.9,1.7,90.9,27.19,28.44,43,1996-05-31,5
"1442",-4.9,2.8,85,27.03,28.21,43,1996-02-29,2
"1443",-6,-1.7,85.2,26.63,28.37,43,1993-03-26,3
"1444",5.4,-0.9,87.9,26.09,29.11,43,1997-08-16,8
"1445",-6.3,1.8,83.8,27.03,27.85,43,1996-01-06,1
"1446",-3.8,0,85.8,27.71,29.16,43,1995-05-18,5
"1447",-2.5,-2.2,83.2,27.23,28.1,43,1992-03-30,3
"1448",-6.5,-2.8,78.5,27.78,28.21,43,1998-04-19,4
"1449",-5.6,-1.2,84.6,28.11,28.74,43,1996-07-12,7
"1450",-1.5,-2.2,81.4,27.77,29.65,43,1997-10-03,10
"1451",-5.5,3.1,81.8,28.51,29.25,43,1995-08-25,8
"1452",-4.2,0.2,87.4,27.67,28.38,43,1996-06-09,6
"1453",-2.6,-3.2,80.8,27.37,28.31,43,1994-03-18,3
"1454",-5,0,87.8,27.71,28.45,43,1996-06-22,6
"1455",-3.6,1.2,73.8,28.02,29.5,43,1992-08-27,8
"1456",1.3,1.8,79.9,27.84,29.07,43,1993-08-10,8
"1457",-3.9,3.9,71.5,27.07,29.35,43,1992-10-28,10
"1458",-6.2,-1.1,90.2,26.86,28.31,43,1993-04-16,4
"1459",-2.9,-3.5,79.7,27.86,29.25,43,1992-12-10,12
"1460",-0.1,1.5,76.2,28.55,29.38,43,1997-11-12,11
"1461",-4,3.5,83,27.23,28.21,43,1996-02-28,2
"1462",-6.3,-2.2,83.9,27.76,28.29,43,1994-04-07,4
"1463",-6.1,-0.7,86.3,27.62,28.41,43,1992-05-12,5
"1464",-5.3,0.6,91.3,26.47,27.33,43,1995-12-25,12
"1465",-5.4,1.5,84.2,27.63,28.48,43,1995-12-08,12
"1466",-4.8,-5.3,81,28.46,28.7,43,1993-05-29,5
"1467",-1.5,2,74.5,29.18,29.57,43,1994-11-22,11
"1468",-2.1,1,85.5,28.14,29.51,43,1992-11-28,11
"1469",-3.9,-5.3,79.5,28.5,29.11,43,1993-07-26,7
"1470",-6.9,-2.6,85.6,27.87,28.23,43,1998-05-15,5
"1471",-6.1,-4.7,83.2,26.07,28.48,43,1993-04-01,4
"1472",-0.2,-0.4,77.5,28.37,29.55,43,1994-07-24,7
"1473",-0.9,-0.9,80.1,28.06,29.35,43,1992-10-27,10
"1474",6.4,-0.6,80.4,28.38,28.9,43,1997-10-11,10
"1475",-6.9,-3.5,84,27.21,28.92,43,1993-12-23,12
"1476",-4.5,-0.9,83.2,28.06,28.57,43,1993-02-14,2
"1477",-8.8,-0.4,77.2,28.48,NA,43,1997-02-18,2
"1478",-3.6,-2.8,89.7,27.71,28.11,43,1996-05-11,5
"1479",-3,5.1,78,27.93,NA,43,1996-12-20,12
"1480",-6.9,-6,71.8,28.52,NA,43,1997-02-12,2
"1481",-3.6,-1.7,81.3,26.79,28.73,43,1992-06-05,6
"1482",2.6,-3.3,78.5,26.79,28.57,43,1992-03-13,3
"1483",-5.3,-3.7,92.1,27.15,27.82,43,1996-05-19,5
"1484",-5.5,-2.2,81.4,28.35,28.45,43,1993-05-08,5
"1485",-6.4,-1.3,80.3,28.43,28.73,43,1996-07-13,7
"1486",-7.1,-1.8,81.3,28.11,28.34,43,1994-02-23,2
"1487",-3.3,3,78.9,27.82,29.19,43,1992-10-02,10
"1488",-6.3,-6.1,79.3,27.78,28.37,43,1992-05-07,5
"1489",-4.7,-3.3,79.2,28.21,28.77,43,1995-03-17,3
"1490",-6.5,-0.8,90.5,27.23,27.76,43,1995-12-21,12
"1491",-3.6,5.7,73,27.9,29.26,43,1992-11-01,11
"1492",-0.6,4.3,80.1,27.94,29.5,43,1994-09-29,9
"1493",0.8,-2.9,78.7,27.86,28.93,43,1997-11-10,11
"1494",-3.9,-0.4,84.4,27.98,29.35,43,1992-12-24,12
"1495",-7.4,-2.5,86.6,27.59,28.7,43,1995-04-21,4
"1496",-5.3,-0.8,88.9,27.31,28.32,43,1996-06-17,6
"1497",6.6,-2.1,87.9,25.57,29.28,43,1997-08-15,8
"1498",-4,3.3,82.2,28.47,29.04,43,1995-06-06,6
"1499",-0.4,1,81,27.75,29.36,43,1994-10-10,10
"1500",-4.8,0.1,81.8,26.55,28.3,43,1994-02-06,2
"1501",-1.9,-1.7,81.4,27.83,28.59,43,1994-06-17,6
"1502",-5,-1.3,81.4,28.23,29.24,43,1995-05-21,5
"1503",-4.2,0.9,73.8,28.66,29.42,43,1993-11-16,11
"1504",-7,-3.5,81.8,27.59,28.15,43,1998-03-26,3
"1505",-7.1,-3.4,82,27.34,28.17,43,1992-05-01,5
"1506",-6.3,-4.1,75.6,27.63,28.22,43,1997-12-20,12
"1507",-5.8,-4,90.9,27.51,27.87,43,1996-05-13,5
"1508",-6.7,1.7,79.3,28.05,NA,43,1997-03-02,3
"1509",-6.3,-2.3,81.2,28.89,29.21,43,1993-07-23,7
"1510",-2.6,-1.9,75.2,28.58,29.18,43,1997-11-20,11
"1511",-5.6,-1.1,76.4,28.17,NA,43,1997-02-04,2
"1512",1.4,3.5,73.8,28.95,29.49,43,1994-10-16,10
"1513",-7.1,-1.1,79.3,28.59,NA,43,1997-01-31,1
"1514",-1.5,-0.9,76.2,27.86,29.61,43,1992-07-11,7
"1515",-5.7,-1.9,83.8,27.83,28.7,43,1995-03-21,3
"1516",-4.7,-5.2,82.4,28.18,28.76,43,1992-05-21,5
"1517",-4.2,3.1,71.7,29.26,30.07,43,1994-09-20,9
"1518",-3,-2.4,78.2,28.03,28.88,43,1994-01-01,1
"1519",-0.4,0.6,83.8,27.15,29.29,43,1995-07-30,7
"1520",2.2,2.1,78.6,28.38,29.07,43,1997-09-11,9
"1521",-7.9,1.7,77.7,26.63,28.44,43,1993-02-02,2
"1522",-7.3,-3.9,84,27.27,28.49,43,1993-03-02,3
"1523",-6.8,2.7,85.4,27.19,27.46,43,1996-02-05,2
"1524",-4.1,1.7,79.1,27.99,28.78,43,1996-07-18,7
"1525",-2,4.7,85.4,27.91,28.84,43,1995-09-09,9
"1526",-7,2.3,84.6,26.99,27.54,43,1996-02-02,2
"1527",-3.5,4.1,78.5,27.66,29.43,43,1992-10-13,10
"1528",-6.2,0.6,69.5,29.21,29.49,43,1993-11-12,11
"1529",-0.7,-0.4,84.5,27.6,28.87,43,1997-10-22,10
"1530",-6,-1.5,92.9,27.15,27.95,43,1996-05-05,5
"1531",-4.1,1.7,93.3,26.67,28.46,43,1995-12-05,12
"1532",-1.9,-0.4,89.8,27.58,28.53,43,1992-05-13,5
"1533",-9.8,-3.6,86.8,28.37,29.18,43,1995-01-04,1
"1534",-5.7,-2,81.7,28.35,29.17,43,1993-07-27,7
"1535",-6,-3,84.8,27.7,28.88,43,1993-01-25,1
"1536",-5.3,-7.8,76,27.45,28.31,43,1998-02-01,2
"1537",-5.8,-1.7,84.8,28.23,28.81,43,1993-06-15,6
"1538",-4.5,0.3,76.8,29.03,30.05,43,1994-08-20,8
"1539",-1.3,-0.9,77.7,26.19,28.31,43,1993-02-05,2
"1540",-1,-2.2,81.6,27.53,29.05,43,1993-06-28,6
"1541",-5.6,-4.8,74.3,27.65,28.38,43,1998-01-24,1
"1542",-6,0.3,73.2,29.41,29.99,43,1994-09-15,9
"1543",-5.8,2.6,83.6,28.14,28.85,43,1992-06-25,6
"1544",0.1,-4.6,79.3,27.27,28.94,43,1992-06-22,6
"1545",-6,0.3,89.1,26.99,28.37,43,1993-04-02,4
"1546",-3.6,-1.1,77.7,28.1,29.03,43,1993-01-15,1
"1547",-3.5,-6.8,80.9,26.23,28.08,43,1992-04-22,4
"1548",-0.6,0,78.4,28.11,29.38,43,1997-07-19,7
"1549",-0.4,5.1,88.3,27.41,29.44,43,1993-10-10,10
"1550",-3.1,-2.4,85.7,27.88,28.78,43,1993-05-18,5
"1551",-5.2,-6.8,74.7,28.6,29.28,43,1994-12-28,12
"1552",-3.5,-0.5,79.6,28.52,29.23,43,1997-09-30,9
"1553",-7.3,-1.3,79.8,27.87,28.25,43,1998-05-03,5
"1554",-2.3,0.8,80.1,27.82,29.44,43,1992-09-02,9
"1555",-4,-1.3,87.4,27.43,28.83,43,1996-07-04,7
"1556",-1.7,-2.5,83.8,27.87,28.96,43,1996-07-01,7
"1557",-4.4,1.3,88.7,28.34,29.21,43,1992-12-28,12
"1558",-0.6,-2.7,77.6,27.7,29.05,43,1996-09-01,9
"1559",-7.1,-3.7,84.8,27.69,28.12,43,1997-12-14,12
"1560",-6.1,-5.5,77.7,27.62,28.21,43,1997-12-24,12
"1561",-5.2,2.5,84.6,27.39,28.38,43,1995-09-15,9
"1562",-1.4,0.2,74,28.76,29.35,43,1994-07-13,7
"1563",-3.2,3.4,81.3,27.15,28.31,43,1996-09-06,9
"1564",-4.4,-1.7,80.4,28.79,29.46,43,1994-12-25,12
"1565",1,1.5,82.3,27.49,28.8,43,1997-09-25,9
"1566",-3.5,-1.1,77,28.76,29.09,43,1994-07-01,7
"1567",-6.2,-6.1,69.3,27.71,28.49,43,1998-01-17,1
"1568",-8.5,-2.9,72.6,27.69,28.04,43,1998-02-24,2
"1569",-7.6,3.7,85.8,26.91,27.37,43,1996-01-13,1
"1570",-4.6,-2.8,82.4,27.94,28.68,43,1992-05-20,5
"1571",-4.9,1.2,83.6,26.99,29.09,43,1995-07-27,7
"1572",1.5,3,88.5,26.59,29.47,43,1993-08-21,8
"1573",1.9,-4.4,80.8,25.86,28.83,43,1997-11-24,11
"1574",3.5,-1.3,80.7,27.88,29.35,43,1997-10-19,10
"1575",-4.9,4.2,75.5,28.4,NA,43,1996-12-24,12
"1576",-2.6,5.8,76.7,29.13,29.65,43,1993-09-23,9
"1577",-4.9,-6.7,82.1,27.99,28.48,43,1993-04-21,4
"1578",-3.4,-3.2,85,28.31,29.17,43,1995-06-14,6
"1579",-6.6,1.2,81.8,28.51,29.24,43,1995-08-03,8
"1580",-5.2,1.5,82.6,28.39,29.19,43,1995-08-06,8
"1581",-8.4,0.1,89.8,27.91,28.18,43,1998-05-12,5
"1582",-5.7,-2.2,81.4,28.37,28.71,43,1995-03-02,3
"1583",-1,1.9,76.3,27.99,28.61,43,1995-11-04,11
"1584",-5.6,1.3,78.4,28.24,NA,43,1997-03-01,3
"1585",-3,-0.4,84.2,27.75,28.94,43,1995-04-27,4
"1586",-4,-4.3,77.7,27.54,28.28,43,1992-04-27,4
"1587",-2.6,2.2,73.3,29.45,29.86,43,1994-08-24,8
"1588",-1.5,-1.9,78.3,28.99,29.6,43,1994-11-18,11
"1589",-6.6,-1.4,92.9,26.63,28.05,43,1996-04-02,4
"1590",-5.7,-5.3,85.5,27.49,28.39,43,1993-04-19,4
"1591",-4,-4.6,86.5,27.87,28.82,43,1995-01-24,1
"1592",-0.6,2.5,68.9,29.14,29.95,43,1994-10-17,10
"1593",-6.3,0.3,73.5,29.26,29.99,43,1994-09-14,9
"1594",-6.5,0.3,77.6,28.15,28.46,43,1994-01-27,1
"1595",-5.3,-3.5,80.5,28.22,28.55,43,1993-02-13,2
"1596",-4,0,82.6,27.95,29.13,43,1995-10-08,10
"1597",-5.8,-2.6,86.6,27.63,27.89,43,1996-04-08,4
"1598",-6.5,-4.9,74.7,28.83,NA,43,1997-01-13,1
"1599",-6.8,-1.4,89.5,27.46,28.8,43,1993-01-27,1
"1600",-3.1,-0.9,88.2,26.74,29.12,43,1993-07-12,7
"1601",-3.9,-0.6,95.3,25.55,26.39,27,1996-04-14,4
"1602",-1.7,-0.7,88.3,27,28.14,27,1992-03-18,3
"1603",-4.8,0.7,94,25.5,25.43,27,1994-02-26,2
"1604",-6.8,2.6,80.1,26.85,27.05,27,1992-01-18,1
"1605",-7.4,0,88.2,24.99,25.01,27,1994-01-09,1
"1606",-5.7,2.5,87.9,27.32,27.24,27,1992-06-04,6
"1607",-6.5,0.2,83.2,23.6,23.74,27,1995-09-18,9
"1608",-7.3,-0.1,91.4,25.77,26.24,27,1994-02-17,2
"1609",-7.5,2.4,77.8,28.77,29.02,27,1997-11-29,11
"1610",-6,3.5,76,27.63,27.92,27,1997-09-29,9
"1611",-6.7,1.1,78.9,26.09,26.2,27,1991-11-19,11
"1612",1.4,-1.7,81.6,27.81,29.5,27,1998-04-26,4
"1613",-5.1,0.6,87.4,25.51,25.25,27,1996-06-19,6
"1614",-2,3.8,75.7,29.05,29.89,27,1998-03-19,3
"1615",-5.9,3.3,79.7,28.48,28.37,27,1992-04-19,4
"1616",-6,-2.7,86.4,25.45,26.49,27,1993-07-06,7
"1617",-5.9,-0.7,94,23.41,23.21,27,1995-12-05,12
"1618",-7.7,0.6,84.4,25.3,25.42,27,1993-12-15,12
"1619",-4.9,1,94,24.5,24.33,27,1996-01-15,1
"1620",-3.3,4.6,79.9,28.01,29.03,27,1997-12-22,12
"1621",-8.4,-0.2,85.2,24.98,25.57,27,1992-07-27,7
"1622",-4.8,0.8,84.6,25.92,26.54,27,1993-02-18,2
"1623",-6.6,0,90.3,24.38,24,27,1996-07-28,7
"1624",-6.1,-2.2,89,24.13,24.34,27,1994-07-25,7
"1625",-6.2,-1.8,83.5,24.52,24.69,27,1993-01-16,1
"1626",-5.4,-1.9,77,26.33,26.63,27,1991-12-21,12
"1627",-3.7,0.3,90,23.2,23.37,27,1992-11-08,11
"1628",-5,1.5,82.5,24.68,24.88,27,1992-11-16,11
"1629",-5.1,1,93.2,25.28,24.87,27,1996-02-14,2
"1630",-5.8,-0.3,84.6,27.85,28.9,27,1998-05-13,5
"1631",-6,0.9,79.6,25.43,25.58,27,1994-10-18,10
"1632",-5.6,0.5,88.3,25.21,24.79,27,1992-07-20,7
"1633",-6.5,-0.6,86.1,24.61,24.35,27,1996-01-20,1
"1634",-6.8,0.1,89,25.63,25.42,27,1996-06-03,6
"1635",-5.9,0.9,72.1,27.59,27.8,27,1997-10-01,10
"1636",-6.5,2,82,27.71,27.78,27,1997-05-18,5
"1637",-7.5,0.6,75.6,27.95,28.23,27,1997-07-21,7
"1638",-5.5,0.9,85.4,24.91,24.85,27,1993-10-28,10
"1639",-7.3,0.1,88.6,27.23,27.38,27,1996-05-05,5
"1640",-7.5,3.1,82.8,25.29,25.31,27,1992-08-31,8
"1641",-6.9,0.5,83.2,27.3,27.39,27,1996-05-03,5
"1642",-7.1,0.3,88,24.6,24.69,27,1994-08-14,8
"1643",-7.5,1.4,86.4,25.78,25.64,27,1995-01-04,1
"1644",-5.1,1,76,27.55,27.89,27,1997-10-02,10
"1645",-5.4,0.8,79.1,25.19,25.5,27,1994-10-31,10
"1646",-6.9,-1.5,84.8,24.25,24.4,27,1993-09-24,9
"1647",-6.2,0.8,87.5,25.07,25.04,27,1994-01-06,1
"1648",-5,-1.6,89.5,23.78,23.83,27,1992-10-12,10
"1649",-5.6,0.3,92.8,24.46,24.08,27,1996-02-06,2
"1650",-1.5,1.5,85.3,27.32,29.15,27,1998-01-27,1
"1651",-4.7,1.8,91.5,23.37,22.91,27,1995-12-11,12
"1652",-4.4,4.2,80.9,27.68,27.78,27,1992-02-19,2
"1653",-5.9,-1.9,83.3,27.55,27.9,27,1993-05-17,5
"1654",-3.8,0.6,85.7,26.91,27.3,27,1994-03-12,3
"1655",-5.7,-1.4,81.5,25.08,25.3,27,1994-10-25,10
"1656",-3,1.8,91.4,25.77,25.83,27,1994-03-06,3
"1657",-4.9,-1.3,86.4,26.99,27.43,27,1994-03-14,3
"1658",-7.1,1.8,83.7,25.78,25.62,27,1995-01-23,1
"1659",-5.1,0.4,84,26.25,26.43,27,1995-02-26,2
"1660",-6.4,3.1,80.4,27.2,27.45,27,1993-06-07,6
"1661",-6.7,2,83.2,27.35,27.81,27,1997-05-12,5
"1662",-6.5,-0.6,90.2,24.13,24.15,27,1996-10-20,10
"1663",-4,2.9,86.1,26.92,29.14,27,1997-12-10,12
"1664",-4.8,3.2,74.9,27.57,28.2,27,1997-10-12,10
"1665",-6,0.1,86.1,26.56,27.04,27,1996-05-13,5
"1666",-6.1,1.6,83.6,25.86,25.75,27,1996-07-05,7
"1667",-7.5,-1.3,85.2,25.58,26.21,27,1994-07-05,7
"1668",-5,0.5,75.8,25.12,25.52,27,1994-11-01,11
"1669",-4,1.4,73.3,27.55,28.09,27,1997-08-07,8
"1670",-6.1,2.6,76.1,28.41,29,27,1997-12-07,12
"1671",-7.1,-0.7,81.5,25.07,25.51,27,1993-01-27,1
"1672",-1.6,0.5,78.8,28.12,29.73,27,1998-05-06,5
"1673",-4.9,-0.4,85.2,23.73,23.66,27,1996-11-09,11
"1674",-4,1.2,84.8,27.03,27.14,27,1997-04-16,4
"1675",-7.6,-1.3,88.1,24.6,24.78,27,1994-07-22,7
"1676",-0.1,2.1,82.4,27.97,29.02,27,1998-02-07,2
"1677",-5.6,-1.1,83.6,28.41,28.89,27,1998-02-14,2
"1678",-6.5,2,82.4,26.17,26.11,27,1991-11-28,11
"1679",-5.2,0.6,93.8,25.85,25.82,27,1994-02-15,2
"1680",-5.8,-1.3,85,28,28.77,27,1998-05-14,5
"1681",-4.5,1.5,92.2,24.25,24.22,27,1993-07-30,7
"1682",-3.8,1.6,76.4,27.71,28.06,27,1997-10-03,10
"1683",-6.7,1.7,83.1,27.98,28.07,27,1993-05-12,5
"1684",-5.3,-3.3,89,26.37,26.21,27,1996-03-24,3
"1685",-6.1,1.5,79.3,26.43,27,27,1993-06-29,6
"1686",-6.2,0,82,26.57,26.54,27,1991-12-18,12
"1687",-5.7,0.9,84.4,23.52,23.28,27,1995-09-17,9
"1688",-3.7,-2.8,86.4,27.15,27.74,27,1997-05-01,5
"1689",-4.2,0.2,94,23.17,22.84,27,1995-11-12,11
"1690",-5.5,-1.2,89.7,26.67,27,27,1994-06-07,6
"1691",-4.7,2,86.1,24.11,24.06,27,1995-12-26,12
"1692",-4,-1.4,84.3,26.47,27.34,27,1993-03-13,3
"1693",-3.1,1,88.3,24.37,24.48,27,1993-09-03,9
"1694",-6.1,0.8,83.2,24.9,24.85,27,1992-08-27,8
"1695",-4.6,-1.1,86,26.91,26.63,27,1997-04-13,4
"1696",-8.2,-0.4,82.9,24.83,24.79,27,1993-10-29,10
"1697",-6.2,1.6,90.4,24.95,24.79,27,1993-11-30,11
"1698",-4.7,-1.5,86.9,24.71,24.99,27,1993-11-27,11
"1699",-4.1,3.2,94.4,24.61,24.01,27,1996-07-30,7
"1700",-7.4,-1.5,87.4,25.11,25.41,27,1994-07-13,7
"1701",-5.5,-0.1,84,28.4,28.53,27,1992-04-07,4
"1702",-4.7,0.5,95.3,24.22,23.83,27,1996-08-17,8
"1703",-6,2.5,82.4,27.96,27.86,27,1992-05-17,5
"1704",-6.4,-1.2,81.1,24.03,24.6,27,1995-12-19,12
"1705",-6,1,81.2,24.87,24.83,27,1992-09-30,9
"1706",-8.8,3.6,78,28.15,28.35,27,1997-07-07,7
"1707",-6.4,1.5,86.1,25.86,25.79,27,1995-01-26,1
"1708",-5.4,1.2,90.1,25.26,25.25,27,1993-02-06,2
"1709",-5.3,1.9,76.7,25.54,26.01,27,1993-10-09,10
"1710",-6.8,0.3,80.2,25.58,26.02,27,1993-10-05,10
"1711",1.1,-3.5,81.6,28.29,29.56,27,1998-04-05,4
"1712",-6.4,1.4,81.8,25.35,25.26,27,1994-10-28,10
"1713",-5.5,0.7,89.8,24.12,23.91,27,1996-10-26,10
"1714",-4.9,1.1,81.7,25.35,25.45,27,1994-10-21,10
"1715",-2.3,-0.2,92.4,24.62,24.86,27,1998-06-18,6
"1716",2.1,-1.4,86.1,26.48,28.78,27,1998-02-06,2
"1717",-6,1.8,85.5,25.39,25.44,27,1994-11-03,11
"1718",-6.7,3.3,77.8,28.05,28.39,27,1997-10-31,10
"1719",-7.3,2.3,81.3,25.98,25.83,27,1994-12-18,12
"1720",-4.4,0.2,86.1,23.31,23.63,27,1992-11-05,11
"1721",-6.8,4.2,83.6,27.72,27.85,27,1992-02-28,2
"1722",2.6,-0.6,87,27.16,29.54,27,1998-04-17,4
"1723",-6.6,1.2,84.8,24.8,24.99,27,1996-09-15,9
"1724",-6.5,-1.3,78.9,26.53,26.44,27,1991-12-17,12
"1725",-2.9,2.4,82,27.96,28.45,27,1992-03-24,3
"1726",-4.2,0.9,90.2,24.3,24.13,27,1992-08-13,8
"1727",-6.2,-2,89,26.79,27.11,27,1994-03-16,3
"1728",-5.1,0.3,82.3,24.84,24.63,27,1994-10-02,10
"1729",-4.7,-1.9,85.4,25.41,25.8,27,1998-06-06,6
"1730",-4.7,-2.6,89.8,23.23,23.35,27,1992-09-08,9
"1731",-4.5,-2.7,95.7,24.28,24.45,27,1994-01-30,1
"1732",-7,0.1,77.7,25.93,26.11,27,1991-11-17,11
"1733",-5,1.2,93.2,23.05,22.74,27,1995-10-21,10
"1734",-2.2,-0.1,87.5,26.85,28.99,27,1992-04-01,4
"1735",-6.8,-0.1,85.7,24.44,24.65,27,1994-08-13,8
"1736",-4.2,-0.2,91.7,23.9,23.72,27,1992-10-14,10
"1737",-4.2,-0.2,88.5,24.21,24.32,27,1993-08-31,8
"1738",-5,1.4,87,27.18,28.4,27,1998-05-16,5
"1739",-5.9,-0.9,91.4,23.78,23.69,27,1996-11-12,11
"1740",-6,-1.2,83.5,24.87,25.54,27,1992-12-29,12
"1741",-6.5,0.8,77.8,27.93,28.32,27,1997-10-16,10
"1742",-4.8,-0.7,89.1,27.28,28.85,27,1998-02-15,2
"1743",-1.4,0.9,84.1,27.77,29.81,27,1998-03-12,3
"1744",0.1,1.9,84.9,27.36,29.33,27,1998-02-08,2
"1745",-5.3,0.8,93.2,22.98,22.83,27,1995-11-10,11
"1746",-5.6,1.3,88.2,23.68,23.29,27,1995-10-26,10
"1747",-5.2,3,77.4,28.25,29.08,27,1997-12-08,12
"1748",-5.5,-0.6,83.2,25.71,25.79,27,1996-07-04,7
"1749",-8.4,1.5,82,28.53,28.9,27,1998-01-01,1
"1750",-6,2.9,85.2,27.4,27.23,27,1992-06-03,6
"1751",-5.4,-0.7,84.8,24.48,24.59,27,1993-09-11,9
"1752",-7.3,-0.1,82.3,25.14,25.61,27,1993-01-28,1
"1753",-2.5,2.2,83.8,27.59,28.36,27,1993-04-09,4
"1754",-6.1,3.4,74.8,27.91,28.27,27,1997-06-26,6
"1755",-4.2,0,88.7,24.02,24.15,27,1993-08-25,8
"1756",-7.4,-0.1,84.8,24.83,24.95,27,1993-09-18,9
"1757",-4.6,0,85.3,24.52,24.83,27,1993-01-14,1
"1758",-4.5,0.9,89.4,25.78,25.43,27,1996-06-23,6
"1759",-3,-1.1,83.3,26.93,27.46,27,1993-03-25,3
"1760",-4,-1.2,87.4,25.65,26.11,27,1993-02-26,2
"1761",-2.4,-1.2,82.1,26.78,27.48,27,1993-03-28,3
"1762",-7.3,1.5,81.8,27.59,27.59,27,1993-06-03,6
"1763",-2.5,-0.1,96.1,26.17,26.02,27,1996-04-05,4
"1764",-3.9,0.2,81.8,27.36,27.84,27,1993-04-04,4
"1765",-4.8,-3,85.2,27.48,28.12,27,1993-04-12,4
"1766",-1.2,-0.9,85.6,27.01,27.95,27,1993-04-08,4
"1767",-5.4,1.3,78.4,27.47,27.6,27,1997-09-17,9
"1768",-5.9,2.1,77.6,27.35,27.55,27,1997-09-16,9
"1769",-2.3,0.2,81.1,27.16,28.54,27,1997-11-14,11
"1770",-5,-1.2,90.2,23.7,23.63,27,1996-11-14,11
"1771",-7,0.3,77.7,26.73,26.75,27,1991-12-24,12
"1772",-4.6,-1.6,94,24.65,24.47,27,1996-03-03,3
"1773",-6,2.6,83.8,26.74,27.21,27,1993-06-12,6
"1774",-5.9,0.7,86.6,28.17,29.22,27,1998-01-30,1
"1775",-5.3,-0.4,90.6,23.86,23.74,27,1996-09-19,9
"1776",-6.5,0.9,81.1,25.43,25.52,27,1994-11-18,11
"1777",-4.7,2,75.6,27.55,27.83,27,1997-06-02,6
"1778",-6.3,3.2,84.8,27.31,27.89,27,1997-08-16,8
"1779",-8.6,3.2,78.8,27.91,28.32,27,1997-07-10,7
"1780",-7.4,2.2,82.4,23.8,23.93,27,1995-09-20,9
"1781",-4.8,-0.4,89.8,26.29,27.32,27,1992-05-31,5
"1782",-4.7,-0.3,88.2,25.14,25.71,27,1993-02-10,2
"1783",-6.4,-2.8,82.5,26.71,27.13,27,1998-05-28,5
"1784",-3.6,-2.6,91.9,25,25.1,27,1996-05-29,5
"1785",-6.3,-2,86.1,23.82,24.24,27,1993-08-27,8
"1786",-7.5,1.4,76.8,25.39,25.59,27,1994-10-11,10
"1787",2.1,-0.1,89.9,27.24,28.98,27,1998-02-02,2
"1788",-4.1,0.1,91,26.33,27.7,27,1992-03-10,3
"1789",-6.6,1.7,83.3,24.95,24.92,27,1992-12-25,12
"1790",-6.5,0.8,81.3,26.25,25.93,27,1992-06-26,6
"1791",-8.9,2.6,87.3,24.87,25.09,27,1994-08-24,8
"1792",-7.8,1.2,81.5,27.38,27.48,27,1996-05-08,5
"1793",-7.1,1.8,78.8,25.81,26.09,27,1993-10-13,10
"1794",-6.8,-0.6,90.3,27.03,26.84,27,1996-04-25,4
"1795",0.1,2.1,85.2,27.68,28.33,27,1992-04-10,4
"1796",-6.6,-1.4,90.7,25.78,26.03,27,1996-02-22,2
"1797",-5.9,2,86.6,27.75,28.15,27,1993-04-26,4
"1798",-8.6,-0.5,84,24.69,24.75,27,1996-01-04,1
"1799",-4.5,1.1,83.2,24.33,24.6,27,1992-12-15,12
"1800",-7.3,1.8,80.8,27.91,27.77,27,1997-05-26,5
"1801",-2.6,-1.5,80.9,27.36,28.73,71,1997-11-10,11
"1802",2.1,3.7,81.6,27.48,28.64,71,1992-07-14,7
"1803",-5.3,-0.8,78.1,27.83,28.79,71,1992-10-12,10
"1804",-2.1,-0.3,76.6,27.32,28.53,71,1992-07-24,7
"1805",-0.1,-0.4,90.7,25.74,28.38,71,1994-10-31,10
"1806",-3.1,-0.4,87.3,28.14,28.33,71,1997-10-26,10
"1807",-1.9,-5.1,86,27.05,28.11,71,1997-07-06,7
"1808",-5.1,-5.1,88.3,27.32,27.66,71,1992-05-15,5
"1809",-5.5,-4.8,86.1,27.97,28.32,71,1994-11-16,11
"1810",-5.7,-0.3,91.1,26.78,28.23,71,1997-12-01,12
"1811",-1.9,6.1,77.7,27.28,28.34,71,1992-09-24,9
"1812",-3.6,2.5,80.9,27.28,28.33,71,1992-08-15,8
"1813",-6.4,-5.7,82.6,27.75,28.24,71,1998-06-05,6
"1814",-0.8,-3.1,82,27.77,28.19,71,1994-06-19,6
"1815",-5.8,-4.8,82.4,25.5,26.31,71,1997-03-23,3
"1816",-5.7,-6.4,79.3,26.15,27.17,71,1993-03-24,3
"1817",-0.6,-2.1,84.8,26.44,27.67,71,1994-05-22,5
"1818",-3,-4.9,84.4,26.93,27.98,71,1992-06-06,6
"1819",-4.2,-5.5,83.9,28.06,28.7,71,1997-10-08,10
"1820",-1.4,-1,86.7,27.32,28.75,71,1991-06-16,6
"1821",-5.5,-6.5,90.2,26.44,26.15,71,1995-02-15,2
"1822",2.2,-0.3,77.2,27.57,28.44,71,1994-10-25,10
"1823",1.3,0.7,84.6,26.56,28.57,71,1994-11-02,11
"1824",-2.3,0.1,83.6,27.56,28.98,71,1991-08-10,8
"1825",-4,-3.7,79.8,26.48,27.21,71,1994-03-12,3
"1826",2.8,-2.6,92.6,25.93,28.17,71,1991-10-02,10
"1827",-3.6,4.2,80.1,27.25,28.05,71,1996-08-10,8
"1828",-3.9,-2.4,83.5,27.9,28.4,71,1993-11-10,11
"1829",1.3,-1.2,81.6,28.04,28.44,71,1991-06-18,6
"1830",-7.6,-5.3,88.6,25.46,26.47,71,1997-03-01,3
"1831",-6.7,-6.6,82.4,26.83,27.15,71,1993-05-07,5
"1832",-5.6,-5.5,77.6,28.17,28.41,71,1993-07-12,7
"1833",-6.4,-4.4,96.1,26.05,27.9,71,1994-12-06,12
"1834",-1.2,-2.2,79.3,27.64,28.68,71,1992-07-11,7
"1835",-0.8,-1.6,89.7,26.12,28.61,71,1993-10-15,10
"1836",0.3,-1.6,76.6,26.82,27.92,71,1996-06-30,6
"1837",0.9,-1.6,85.9,27.68,27.25,71,1991-12-19,12
"1838",-6,-5.8,75,25.45,26.61,71,1998-03-07,3
"1839",-8.1,-6.2,90.4,27.11,27.82,71,1994-12-16,12
"1840",-6.4,-6.6,86,25.65,26.53,71,1997-04-19,4
"1841",-5.6,-4.3,88.1,26.7,26.78,71,1997-05-18,5
"1842",-5.2,-5.3,90.2,26.03,27.13,71,1993-04-15,4
"1843",-7.1,-3.2,85.9,26.93,27.51,71,1993-03-10,3
"1844",-7.5,-3.6,82.5,27.62,27.39,71,1994-03-24,3
"1845",-5.8,-5.4,84.7,25.57,26.22,71,1997-04-23,4
"1846",-6.2,-1.5,84.4,26.27,27.18,71,1993-01-11,1
"1847",-6.8,-3.9,91.1,27.05,27.42,71,1997-05-27,5
"1848",-5.6,-3,82.8,25.54,26.31,71,1997-03-17,3
"1849",-6.1,-1.9,83,27.67,28.05,71,1997-12-12,12
"1850",-7.6,-2.9,90.5,26.37,26.75,71,1995-03-01,3
"1851",-5.2,-4,91.3,25.31,26.6,71,1995-02-22,2
"1852",-0.6,0.6,81.8,27.35,28.64,71,1993-10-05,10
"1853",-7.5,-3.7,92.1,25.46,25.17,71,1997-01-26,1
"1854",-0.7,1.9,96.3,24.29,27.61,71,1996-10-04,10
"1855",1.1,-3,90.2,26.45,27.84,71,1991-09-30,9
"1856",4.9,-0.9,81.3,27.35,28.27,71,1993-09-12,9
"1857",-1,2.6,88.1,27.54,28,71,1994-06-08,6
"1858",-1.4,1.4,83.4,26.56,28.37,71,1993-11-16,11
"1859",-6.9,-5.3,91.1,27.15,28.08,71,1994-12-01,12
"1860",-7.4,-0.6,90.5,26.28,27.43,71,1994-01-25,1
"1861",-2,0.1,89,26.36,27.6,71,1996-06-18,6
"1862",2,6.2,73.7,28.09,28.38,71,1993-10-30,10
"1863",-6.2,-7.6,86.3,25.3,26.28,71,1997-03-08,3
"1864",-6.7,-0.8,83.2,27.21,28.21,71,1992-07-30,7
"1865",-8.1,-6.8,89.6,26.56,27.2,71,1995-01-04,1
"1866",1.4,-0.2,77.3,26.85,28.58,71,1992-08-06,8
"1867",-5.6,-0.6,83.7,27.93,28.69,71,1994-06-25,6
"1868",-0.7,-7.2,87.5,27.21,27.23,71,1991-06-01,6
"1869",-1.4,-1.8,85.9,26.85,28.45,71,1991-10-25,10
"1870",-4.9,-3.2,86,27.75,28.16,71,1997-07-18,7
"1871",-3.6,-5.1,86.8,26.99,27.7,71,1994-05-27,5
"1872",-4.9,-2.3,76.2,27.36,28.03,71,1998-06-14,6
"1873",-4.8,1.5,75.2,27.9,28.05,71,1993-12-20,12
"1874",-5.6,-5.9,82,27.09,28.19,71,1992-11-30,11
"1875",-4.9,-5.2,83.6,27.01,28.06,71,1992-05-28,5
"1876",-8.9,-3.6,84.4,26.75,26.76,71,1996-12-13,12
"1877",-6.9,-6.3,81.8,27.05,27.66,71,1998-05-12,5
"1878",3,-0.3,89.4,26.43,28.25,71,1997-07-11,7
"1879",-5.2,-4.6,83.2,26.91,27.68,71,1994-01-06,1
"1880",0.9,1.5,81.5,26.95,28.68,71,1993-10-10,10
"1881",-7.6,-6.9,86.7,25.61,26.39,71,1997-02-17,2
"1882",1.9,3.4,74.5,27.94,28.4,71,1993-10-31,10
"1883",-1.7,2.6,81.3,27.53,28.5,71,1996-08-21,8
"1884",-2.6,0.5,88.5,27.03,27.61,71,1994-05-18,5
"1885",-4,0.2,90.5,25.57,27.62,71,1996-11-11,11
"1886",-6.6,-6.5,78.4,25.88,26.94,71,1998-04-07,4
"1887",3.8,-0.2,83,27.98,29.02,71,1997-09-14,9
"1888",-3.4,-3.6,83.2,27.49,28.11,71,1996-08-08,8
"1889",-1,0.6,84.5,26.6,28.96,71,1993-09-22,9
"1890",-2,4.9,90.2,27.17,28.13,71,1991-11-20,11
"1891",-0.9,-5.9,80.1,27.52,28.77,71,1997-09-25,9
"1892",-4.7,-3.2,89.5,27.35,27.9,71,1993-06-14,6
"1893",-7,-3.4,85.1,27.46,27.47,71,1994-01-30,1
"1894",-2.3,-0.9,83.6,26.74,27.87,71,1992-06-30,6
"1895",-6.5,-3.3,87.3,27.03,27.36,71,1994-03-21,3
"1896",-1.2,-1,79.3,27.07,28.51,71,1993-07-16,7
"1897",2.6,-2.3,84.8,26.07,28.26,71,1992-11-20,11
"1898",-6.9,-7.9,92.1,24.91,26.42,71,1997-02-13,2
"1899",-4.6,-1.3,79.8,28.12,28.59,71,1994-06-30,6
"1900",-7.2,-5.8,83.6,25.26,25.78,71,1997-01-31,1
"1901",-1.3,1.8,89.1,25.92,28.02,71,1995-10-23,10
"1902",0.3,4.5,81.9,27.49,28.34,71,1995-09-15,9
"1903",-5.5,-4.8,82.8,26.13,26.55,71,1995-02-03,2
"1904",-5.7,-5.1,90.3,26.62,27.85,71,1997-06-18,6
"1905",-8.9,-4.7,88.2,25.77,26.33,71,1997-03-12,3
"1906",-3.5,-6.5,75.1,26.72,27.44,71,1995-03-18,3
"1907",-5.9,0.4,82.6,27.62,28.2,71,1993-07-05,7
"1908",-2.2,-1,74.8,28.25,28.64,71,1993-09-27,9
"1909",-5.9,-5,84.3,27.32,27.87,71,1997-06-19,6
"1910",-2.7,-5,88.7,26.58,27.93,71,1992-06-28,6
"1911",-8.6,-6,86.3,27.54,28.47,71,1994-11-17,11
"1912",4.3,-3.6,90.6,26.81,28.11,71,1991-10-04,10
"1913",-5.3,0.5,91.5,26.68,27.35,71,1995-03-09,3
"1914",-5.6,-8.2,82.8,26.83,27.35,71,1993-04-28,4
"1915",1.8,3.3,89.5,26.03,27.46,71,1993-01-03,1
"1916",-2.5,-0.3,91.8,26.41,27.35,71,1991-12-17,12
"1917",-3.2,-1.7,88.8,25.22,27.09,71,1994-02-06,2
"1918",-3.7,-0.8,89.8,26.37,27.91,71,1994-06-16,6
"1919",-5.3,0.8,92.9,25.96,27.19,71,1996-12-30,12
"1920",1.6,1.5,89.8,27.24,28.69,71,1997-08-25,8
"1921",3.7,0.3,90.5,25.96,28.3,71,1996-08-05,8
"1922",2,6.2,78,28.02,28.48,71,1993-09-01,9
"1923",-6.4,-5.9,88.2,25.38,25.78,71,1997-01-30,1
"1924",-7.1,-3.3,88.2,25.89,26.9,71,1996-12-07,12
"1925",-1,3.3,89.1,25.88,28.08,71,1992-07-19,7
"1926",-3.4,-0.1,90.6,25.14,27.24,71,1993-01-09,1
"1927",0.1,0.9,91.4,26.29,28.43,71,1991-11-14,11
"1928",-5.2,-5.5,85.9,27.38,27.52,71,1994-04-28,4
"1929",-2.3,-2.2,84.3,27.98,29.13,71,1997-08-11,8
"1930",-6.1,-6,82.8,26.11,27.03,71,1993-01-15,1
"1931",-2.9,-4.9,83.5,27.79,28.78,71,1997-10-14,10
"1932",-1.2,0.2,92.5,25.11,27.94,71,1996-09-17,9
"1933",1.4,1.8,82,27.88,28.73,71,1991-08-28,8
"1934",-7.2,-5.2,88.7,25.68,27.41,71,1992-12-22,12
"1935",-5.4,-1.6,87.1,26.54,27.45,71,1993-01-01,1
"1936",2.8,-0.4,88.7,26.15,28.44,71,1995-09-30,9
"1937",2.2,-6,87.1,26.93,27.84,71,1991-06-06,6
"1938",-1.8,-0.9,86.3,26.85,28.62,71,1991-07-02,7
"1939",-1.4,-1,84,27.32,28.75,71,1991-08-01,8
"1940",5.8,-3.8,88.7,27.13,27.96,71,1991-09-19,9
"1941",2.8,0.9,85.5,27.44,28.82,71,1991-08-17,8
"1942",-8,-2.6,87.3,26.08,26.06,71,1998-01-06,1
"1943",-2.7,3.4,86.7,27.4,27.64,71,1991-12-07,12
"1944",-6.3,-6.5,91.4,25.8,27.14,71,1993-04-12,4
"1945",-0.5,0.1,82,27.64,28.69,71,1991-10-26,10
"1946",-8,-4,86.3,26.47,26.81,71,1996-12-10,12
"1947",-6.3,-5.2,81.8,26.97,27.49,71,1997-06-10,6
"1948",-4.1,0.1,80.9,27.19,27.93,71,1993-12-19,12
"1949",-5.9,-7.9,84.1,26.21,26.76,71,1995-01-16,1
"1950",-1.4,0.2,86,27.44,28.42,71,1997-08-05,8
"1951",-6.1,-4.6,82,27.13,27.35,71,1992-06-16,6
"1952",0.1,-1.4,91.7,25.65,28.1,71,1996-07-03,7
"1953",1.2,3.8,85.2,26.23,28.49,71,1992-11-04,11
"1954",-0.9,3.9,80.1,27.41,28.1,71,1996-09-02,9
"1955",-3.6,0.3,79.3,27.64,28.73,71,1992-08-17,8
"1956",-7.2,-6.6,82.8,26.31,27.31,71,1993-03-22,3
"1957",-0.7,-4.3,80.9,27.68,28.26,71,1996-08-04,8
"1958",-4.5,-2.2,85.9,26.31,27.23,71,1993-01-14,1
"1959",-5.6,-7.1,76.2,25.76,26.76,71,1998-03-31,3
"1960",-0.8,0.1,91.1,25.76,28.16,71,1995-10-29,10
"1961",-1.1,2.5,88.6,26.62,28.02,71,1997-07-27,7
"1962",-4.7,-0.1,86.7,27.52,28.51,71,1991-06-19,6
"1963",-5.9,-3.3,82.9,27.7,27.89,71,1993-12-28,12
"1964",-5.6,1.6,84.5,25.89,26.96,71,1994-02-07,2
"1965",-6.7,-4.7,81.3,27.75,28.19,71,1998-06-04,6
"1966",0.1,-4.6,81.8,28.1,28.99,71,1997-09-15,9
"1967",-1,1.1,80.1,27.21,28.72,71,1992-09-29,9
"1968",-6.2,-3.9,87.9,26.95,27.95,71,1993-06-15,6
"1969",-4.4,-3.4,85.9,25.86,26.54,71,1995-02-07,2
"1970",-1.6,-0.2,77.7,27.17,27.9,71,1992-06-23,6
"1971",2.9,-2.2,90.6,25.93,28.5,71,1991-10-14,10
"1972",-6.7,-5.1,88.3,26.19,26.7,71,1993-01-18,1
"1973",-3,0,91.7,26.36,27.86,71,1996-06-14,6
"1974",-7.7,-4.9,78.4,25.69,26.71,71,1998-02-18,2
"1975",-2.7,-6.4,77.3,26.81,27.22,71,1991-05-22,5
"1976",-4.6,-4.2,82.2,27.87,28.57,71,1997-11-13,11
"1977",-1.4,2.5,81.7,27.78,28.67,71,1993-07-31,7
"1978",-8.6,-3.9,86.3,26.04,27.03,71,1996-12-05,12
"1979",-4.2,-2.5,76.2,26.4,27.5,71,1995-03-19,3
"1980",-0.7,5.3,89.8,26.36,28.44,71,1996-10-20,10
"1981",-6.7,-8.6,76.3,27.66,27.52,71,1994-04-23,4
"1982",-8.3,-6,81.3,25.81,26.28,71,1997-02-07,2
"1983",-2.4,4.8,78.4,28.02,28.49,71,1993-11-18,11
"1984",-5.9,-3.6,91.5,27.01,28.66,71,1997-10-30,10
"1985",-7.9,-5.9,80.1,25.84,26.96,71,1998-02-25,2
"1986",-7.1,-6.1,82.8,27.74,27.91,71,1993-06-04,6
"1987",-5.7,-7.3,79.6,25.69,26.92,71,1998-04-05,4
"1988",4.2,3.4,88.5,26.56,28.43,71,1994-10-21,10
"1989",-7.3,-5.4,82.5,27.03,27.3,71,1994-02-27,2
"1990",0.2,-5.3,78.5,26.69,27.26,71,1991-05-20,5
"1991",-6.6,-5.3,84.3,25.38,25.43,71,1998-01-23,1
"1992",-7.8,-5.1,78.4,25.53,25.5,71,1998-01-19,1
"1993",-3.8,-0.7,89.7,26.4,28.05,71,1994-11-23,11
"1994",-6.1,-7.1,91.4,26.01,26.85,71,1995-01-25,1
"1995",-4.8,-4.2,88.1,26.42,27.57,71,1992-12-27,12
"1996",-3.6,-6.1,81.6,27.38,27.95,71,1993-12-23,12
"1997",-4.1,0.3,83.8,26.91,27.56,71,1995-03-21,3
"1998",1.6,2.7,92.1,25.93,28.18,71,1996-08-25,8
"1999",-5.9,-2.2,83.2,27.52,28.57,71,1992-10-23,10
"2000",-4.5,-4.8,80.3,27.17,27.91,71,1992-06-09,6
