,zonal_winds,meridional_winds,Humidity,air_temp,sea_surface_temp,Cluster_type,buoy,date,month
1,-7.8,-1.4,85.5,25.51,25.67,1,2,8/29/1991,8
2,-7.6,1.1,86.1,24.46,25.07,1,2,8/12/1992,8
3,-2.4,-1.7,77.2,28.04,28.86,0,2,4/27/1998,4
4,-9,-2.7,74.4,24.34,24.79,1,2,1/16/1997,1
5,-4.9,0.1,82.2,24.4,24.58,1,2,1/7/1997,1
6,-3.3,2.6,82.9,25.46,25.86,1,2,11/22/1993,11
7,-7.1,0.1,86.3,27.48,27.75,0,2,6/7/1991,6
8,-7,2.9,82.1,27.26,27.43,0,2,7/10/1991,7
9,-5.7,-1.7,77.9,28.45,28.49,0,2,4/9/1992,4
10,-8.2,-0.9,83.6,26.24,26.04,1,2,1/7/1991,1
11,-5.8,1,85.2,26.69,26.75,1,2,5/30/1990,5
12,-4.8,-0.5,82.4,25.95,26.46,1,2,5/1/1995,5
13,-4.8,0.1,84.9,25.38,25.84,1,2,6/16/1992,6
14,-1.3,-1.1,78.3,27.09,27.95,0,2,4/18/1998,4
15,-6.3,-1.3,80.9,25.24,25.5,1,2,2/9/1994,2
16,-6.8,-2,82.1,23.96,24.14,1,2,10/22/1995,10
17,-5.5,0.7,83.7,25.6,25.91,1,2,6/20/1995,6
18,-4.5,-0.2,85.3,27.3,27.77,0,2,5/24/1992,5
19,-1.9,-5.7,80.9,27.96,28.68,0,2,2/28/1998,2
20,-6.8,-1.1,82.1,26.26,26.61,1,2,7/27/1991,7
21,-6.7,-1.5,83.4,24.1,23.96,1,2,12/21/1996,12
22,-5.8,0.3,85.8,25.26,25.74,1,2,6/17/1992,6
23,-4.5,4.1,75.9,29.42,28.94,0,2,6/19/1997,6
24,-4.8,1.4,70.4,26.19,26.85,0,2,10/23/1994,10
25,-5.8,-0.5,79.5,26.57,26.79,1,2,5/9/1994,5
26,-6.3,0.4,72.9,26.24,26.76,1,2,10/20/1994,10
27,-3.7,1.7,86.8,24.89,25.21,1,2,7/23/1995,7
28,-4.6,0.1,83.1,27.7,27.94,0,2,5/25/1997,5
29,-6,-0.8,81.3,25.03,25.34,1,2,1/30/1997,1
30,-7.4,0.7,78.7,26.03,26.94,1,2,8/14/1994,8
31,-5.1,-0.3,89.7,22.32,22.41,1,2,10/1/1995,10
32,-6.9,-1.4,88.2,25.06,25.4,1,2,9/5/1991,9
33,-6.6,0.5,79.8,25.95,26,1,2,7/14/1996,7
34,-3.6,-0.5,81.7,24.76,25.41,1,2,9/3/1993,9
35,-5.1,2.7,73.7,26.76,27.24,0,2,11/18/1994,11
36,-0.6,-2.2,80.8,27.37,28.12,0,2,3/18/1992,3
37,-6.2,-2.3,87.5,26.38,26.72,1,2,7/21/1991,7
38,-7.8,-0.9,79.3,26.88,27.57,1,2,6/6/1994,6
39,-2.6,4.1,78.3,26.37,26.97,0,2,10/17/1991,10
40,-6.1,0.6,79.4,24.2,24.86,1,2,11/17/1996,11
41,-5.7,0.1,86,24.86,24.92,1,2,1/29/1994,1
42,-5.3,1.2,83.4,26.7,27.19,1,2,10/30/1991,10
43,-6.2,-1.3,86.5,23.64,23.53,1,2,11/11/1995,11
44,-6.3,0.6,82.5,24.86,25.1,1,2,1/8/1994,1
45,-7.6,-0.6,77.8,24.55,25.34,1,2,1/13/1997,1
46,-7.2,-1.6,81.7,25.15,25.6,1,2,2/18/1997,2
47,-7.1,-1,80.8,24.96,25.16,1,2,2/1/1997,2
48,-3.7,-2.7,79.9,26.6,27.08,0,2,4/16/1994,4
49,-6.1,2.1,82.4,26.51,26.8,1,2,7/22/1990,7
50,-7.8,0.1,77.7,26.31,26.2,1,2,10/31/1990,10
51,-3.2,-3.3,83.5,27.6,29.69,0,2,1/8/1998,1
52,-6.2,1.8,84.9,27.17,26.89,1,2,6/3/1990,6
53,-6.8,1.1,78.2,28.52,28.61,0,2,4/21/1992,4
54,-4.8,0.1,79.5,26.01,27.29,1,2,10/8/1994,10
55,-2.8,-0.2,72.2,24.62,25.64,1,2,11/4/1993,11
56,-6.7,-1.5,82.2,25.88,26.15,1,2,12/12/1990,12
57,-5.9,-1.9,83,25.89,26.21,1,2,3/6/1995,3
58,-2.8,4.8,81.9,26.96,27.12,0,2,6/15/1993,6
59,-6.5,-0.5,82.1,26.22,26.89,1,2,10/15/1991,10
60,-8.2,-1.4,79.6,23.96,23.99,1,2,11/2/1995,11
61,-5.8,-0.2,76,24.92,25.32,1,2,1/13/1994,1
62,-3,-1.3,79,27.73,28.31,0,2,5/7/1993,5
63,-5.9,1.5,83,27.83,27.98,0,2,5/14/1997,5
64,-7.3,1.1,80.7,24.52,25.04,1,2,9/3/1995,9
65,-9.4,0,80.4,23.84,23.96,1,2,9/24/1995,9
66,-7.2,-0.4,78.2,26.14,26.51,1,2,1/3/1995,1
67,-5.1,-1.2,83.4,24.36,25.28,1,2,9/26/1996,9
68,-4.1,-1,83.7,26.68,27.21,0,2,6/3/1992,6
69,-6.1,-1.2,83.6,24.76,25.3,1,2,9/18/1994,9
70,-5,0.6,82,27.2,28.1,0,2,6/26/1991,6
71,-4.9,4.4,83.5,27.62,27.83,0,2,5/28/1991,5
72,-6.1,0.1,86.4,26.7,27.16,1,2,6/5/1990,6
73,-4.2,1.9,87.2,26.59,27.31,1,2,5/25/1990,5
74,-5.1,-1.8,82.7,26.41,26.72,1,2,4/22/1994,4
75,-6.6,-1.7,86.1,25.38,25.7,1,2,3/5/1997,3
76,-0.4,-2.4,80.2,28.12,29.55,0,2,11/22/1997,11
77,-6.2,1.2,78.6,25.83,27.09,1,2,10/5/1994,10
78,-5.9,1.6,88.5,25.26,24.82,1,2,9/24/1990,9
79,-8.9,-1.4,81.7,24.17,24.18,1,2,12/24/1996,12
80,-6.3,-0.4,84.3,24.72,24.61,1,2,2/2/1994,2
81,-7.8,0.4,77.1,26.01,25.97,1,2,12/13/1993,12
82,-6.8,-1.3,90.8,24.36,24.14,1,2,8/3/1992,8
83,-6,1.9,77.1,26.93,27.05,0,2,11/27/1991,11
84,-6.4,0.1,78.7,25.72,26.02,1,2,8/12/1990,8
85,-4.5,1.2,80.8,27.1,27.56,0,2,5/14/1991,5
86,-4.7,-0.6,90.1,24.87,24.93,1,2,7/24/1995,7
87,-5.2,1.3,80.5,25.8,26.9,1,2,5/3/1995,5
88,-3.8,-1.2,80.2,27.95,28.43,0,2,3/23/1992,3
89,-2.8,1.1,81,27.15,27.63,0,2,4/21/1997,4
90,-6.2,-0.6,83.6,27.81,28.36,0,2,5/9/1992,5
91,-8.7,-1.1,83.2,24.14,24.1,1,2,12/22/1996,12
92,-8.6,0.9,81,26.32,26.03,1,2,1/8/1991,1
93,-0.9,-0.6,85,26.18,29.54,0,2,12/4/1997,12
94,-4.7,2,79.9,24.48,25.45,1,2,8/19/1993,8
95,-8.4,-0.5,84,25.68,25.54,1,2,2/17/1994,2
96,-7.7,0.9,78.8,24.97,26.09,1,2,8/23/1993,8
97,-2.2,-3.7,80.6,27.23,28.43,0,2,2/5/1992,2
98,-7,-0.3,78.9,25.89,26.3,1,2,10/7/1993,10
99,-7.4,0.1,80.8,25.96,26.24,1,2,1/8/1995,1
100,-6.8,-1.1,81.1,25.92,26.3,1,2,3/19/1994,3
101,-7.8,-0.6,75.3,26.61,26.96,1,2,12/11/1994,12
102,-7.1,-2.1,71.7,27.36,27.96,0,2,12/24/1991,12
103,-6.6,-1.3,89.2,24.24,23.97,1,2,8/2/1992,8
104,-7.2,1.6,77.4,26.36,26.87,1,2,12/26/1994,12
105,-1.6,0.7,72.8,28.48,29.71,0,2,11/3/1997,11
106,-3.5,-0.6,81.8,26.89,28.31,0,2,2/4/1992,2
107,-6.6,0.2,87.1,24.79,24.84,1,2,9/4/1990,9
108,-5.5,3,81,25.82,25.88,1,2,11/10/1993,11
109,-6.6,1.1,79.9,26.46,26.75,1,2,12/19/1994,12
110,-4.5,0.7,82.8,27.37,28.47,0,2,5/5/1992,5
111,-7.1,-1.3,81.3,25.85,26.22,1,2,7/21/1996,7
112,-5.5,-2.2,80.9,26.16,26.43,1,2,3/15/1994,3
113,-6.4,-1.1,81.3,23.72,23.67,1,2,10/31/1995,10
114,-5.9,2.1,87.1,27.21,27.43,1,2,5/1/1990,5
115,-2.4,2,80.1,26.6,27.09,0,2,4/24/1994,4
116,-5.2,-1,84.7,26.53,26.74,1,2,4/1/1995,4
117,-7.3,-0.1,83.2,24.63,24.86,1,2,12/26/1993,12
118,-4.5,-1,78.3,27.43,27.91,0,2,5/15/1993,5
119,-5,-1.1,82.1,25.02,25.62,1,2,7/23/1994,7
120,-5.8,-0.6,80.3,25.01,25.49,1,2,7/22/1994,7
121,-7.3,2.7,77.5,27.79,27.89,0,2,12/21/1991,12
122,-4.3,-0.2,80.6,26.55,27.14,0,2,6/17/1993,6
123,0.2,-3.8,79.8,27.76,28.76,0,2,3/17/1998,3
124,-7.6,0.7,79.1,26.16,26.47,1,2,11/5/1990,11
125,-5.7,-2.2,83.2,24.04,24.15,1,2,8/24/1992,8
126,-6.1,-0.4,89.7,22.55,22.38,1,2,9/29/1995,9
127,-2.6,-3.3,81.7,27.37,28.36,0,2,3/23/1998,3
128,-3.4,-1.4,92.3,26.53,26.42,1,2,5/25/1998,5
129,-4.1,0.1,92.3,26.76,26.44,1,2,5/22/1998,5
130,-2.7,-0.6,80.8,27.66,27.76,0,2,5/20/1997,5
131,-5.6,1.8,84.5,25.78,25.86,1,2,6/16/1995,6
132,-7.4,-0.1,77.7,25.06,25.51,1,2,8/28/1996,8
133,-4.1,0.3,83.6,24.14,24.61,1,2,9/1/1993,9
134,-8,-1,79.7,25.11,26.13,1,2,8/27/1993,8
135,0.2,1.5,81.7,27.6,29.51,0,2,1/3/1998,1
136,-5.6,-0.1,80.2,23.79,24.27,1,2,12/2/1996,12
137,-6.6,-1,78.1,26.14,25.94,1,2,1/9/1991,1
138,-4,1,79,27.1,27.64,0,2,5/25/1991,5
139,-4.4,-0.8,85.6,24.68,24.66,1,2,2/1/1994,2
140,-5.3,-0.7,79.4,26.61,26.88,1,2,5/24/1994,5
141,-4.6,1.1,86.2,24.99,25.27,1,2,9/17/1990,9
142,-9.3,0.9,80.1,26.07,26.04,1,2,11/11/1990,11
143,-2.2,-2.9,81.3,27.64,29.86,0,2,12/17/1997,12
144,-7.7,-0.3,84.1,25.38,25.23,1,2,11/17/1990,11
145,-4.6,-0.7,79.9,26.62,27,0,2,4/17/1994,4
146,-5.7,3.4,81,26.41,27.16,1,2,10/13/1991,10
147,3.3,1.6,75.7,27.84,29.81,0,2,11/12/1997,11
148,-0.4,-2.6,76.9,27.64,28.64,0,2,4/30/1998,4
149,-6.5,2.6,80.3,25.17,25.57,1,2,7/20/1995,7
150,-4.9,1.3,84.2,26.54,26.78,1,2,4/21/1994,4
151,-4.8,-0.1,84.1,24.11,24.69,1,2,11/13/1996,11
152,-6.1,0.9,79.3,25.25,25.87,1,2,10/18/1993,10
153,-6.6,-0.4,85.1,24.77,25.29,1,2,7/28/1993,7
154,-5.2,-1.7,80.8,26.98,27.37,0,2,4/4/1995,4
155,-0.6,-7.4,75.7,27.96,28.91,0,2,3/27/1998,3
156,-6,1.9,72.1,27.5,28.11,0,2,1/2/1992,1
157,-2.6,-0.2,80.5,24.6,25.15,1,2,10/24/1993,10
158,-6.6,1.8,78.5,26.95,27.35,0,2,7/7/1996,7
159,-2.3,0.4,83.7,26.17,26.69,1,2,6/20/1994,6
160,-7.5,-0.9,87,25.16,25.54,1,2,9/7/1991,9
161,-5.8,-0.8,78.3,27.13,27.09,0,2,4/30/1994,4
162,-6.9,-1.6,77.7,25.26,26.22,1,2,9/29/1994,9
163,-6.9,0.4,75.2,26.39,26.8,1,2,12/25/1994,12
164,-6.1,-1.8,79.2,26.75,27.03,1,2,5/12/1994,5
165,-6.8,-1.7,81.6,25.15,25.64,1,2,2/19/1997,2
166,-4.7,1.1,85.1,25.21,25.46,1,2,7/15/1995,7
167,-0.2,-0.2,77,29.3,29.04,0,2,6/14/1997,6
168,-2.3,-1.5,82.8,27.76,29.2,0,2,1/24/1998,1
169,-6.4,0.5,82.4,24.63,24.84,1,2,9/21/1996,9
170,-6.1,-2.2,84,23.82,23.94,1,2,8/23/1992,8
171,-6.3,0.5,85.8,27.45,27.78,0,2,5/15/1992,5
172,-2.7,-0.4,84,26.44,27.06,0,2,5/27/1994,5
173,-6.5,3.1,79.9,25.25,26.32,1,2,8/21/1995,8
174,-4,2.1,78.6,26.97,27.26,0,2,5/21/1994,5
175,-5.1,1.6,85.5,26.71,27.88,0,2,5/15/1997,5
176,-5.8,-0.6,80.9,27.18,27.56,0,2,7/4/1991,7
177,3.4,-4.5,80.6,27.41,27.84,0,2,3/11/1998,3
178,-7.2,0.9,79,25.74,26.25,1,2,10/13/1993,10
179,-3.2,0.6,79.3,26.46,27.27,0,2,6/28/1996,6
180,-6.9,0.9,82.4,25.45,25.95,1,2,9/24/1993,9
181,-7.5,2,78.5,26.37,26.05,1,2,1/16/1991,1
182,-2.8,-0.9,77.5,26.91,27.57,0,2,6/21/1993,6
183,-6.6,2.5,80.9,27.33,27.44,0,2,7/7/1991,7
184,-5.3,-2.6,84.8,26.36,27.02,1,2,8/9/1991,8
185,-2.8,-2.4,79.5,28.06,28.76,0,2,4/15/1992,4
186,-6,1.6,85.7,27.38,27.65,0,2,5/31/1991,5
187,-5.4,3.5,73.6,26.58,27.01,0,2,11/6/1994,11
188,-7.5,-1.7,77.2,24.34,24.8,1,2,1/2/1997,1
189,-4.9,-0.6,89.7,23.33,23.3,1,2,10/17/1995,10
190,-7.4,0,83.8,26.58,27.61,1,2,1/15/1992,1
191,-8.1,-0.4,80.4,26.18,26.58,1,2,8/23/1994,8
192,-4.7,-1.5,80.8,24.88,25.62,1,2,7/9/1994,7
193,-2.9,-3.7,86.5,26.89,28.35,0,2,3/22/1998,3
194,-6.5,-1.1,81.5,24.42,24.76,1,2,1/18/1997,1
195,-5.8,-1.6,88.1,25.28,25.53,1,2,7/17/1992,7
196,-3.4,-0.4,84.6,25.6,25.94,1,2,5/23/1995,5
197,-7.8,0.4,79.6,25.88,26.11,1,2,1/9/1995,1
198,-3.3,0.3,88.8,24.63,24.51,1,2,5/31/1998,5
199,-8.3,-2.6,78.8,26.5,27.01,1,2,7/6/1993,7
200,-6.2,-1,77,25.83,26.61,1,2,8/9/1994,8
201,-5.1,-4.2,79.6,25.81,26.29,1,48,2/4/1997,2
202,-7.6,-1.7,79.3,26.43,26.82,1,48,12/26/1992,12
203,-7.1,-1.2,81.2,26.8,27.13,1,48,8/8/1994,8
204,-6.3,-2.6,78,26.44,26.69,1,48,1/27/1997,1
205,-6.4,1.4,85.3,27.13,27.02,1,48,2/26/1996,2
206,-4.6,1.6,73,26.47,26.82,0,48,8/13/1996,8
207,-7.6,0.6,78.3,26.28,26.47,1,48,9/28/1995,9
208,-4.1,-0.9,76.1,29.04,30.01,0,48,12/17/1997,12
209,-6.1,-2.4,76.9,27.66,27.75,0,48,6/30/1995,6
210,-6.1,-2.3,80.4,27.7,28.05,0,48,3/21/1995,3
211,-6.7,-2.9,78.1,26.86,26.85,1,48,2/9/1991,2
212,-4.4,-2,76.2,26.44,27.09,0,48,12/1/1993,12
213,-5.2,-0.4,86.8,26.72,28.18,0,48,6/3/1994,6
214,-5.9,-1.4,81.6,26.6,27.01,1,48,9/12/1993,9
215,-3.9,-1.7,84.4,27.59,27.66,0,48,3/31/1996,3
216,-5.5,-1.8,83.3,27.52,28.22,0,48,5/31/1994,5
217,-5.9,1.2,82.5,26.52,26.97,1,48,8/4/1994,8
218,-7.6,-2.2,74.5,27.39,27.63,0,48,12/28/1994,12
219,-7.3,-1.3,78.7,26.12,26.55,1,48,10/8/1995,10
220,-3.5,-3.3,84.1,26.6,28.25,0,48,4/28/1997,4
221,-7.3,-0.7,76.5,27,27.53,0,48,11/2/1993,11
222,-7,-2.6,77.3,26.76,27.06,1,48,12/5/1993,12
223,-3,-3.1,77.3,27.66,28.15,0,48,4/7/1991,4
224,-7.7,-2.9,77.7,26.74,26.8,1,48,11/17/1990,11
225,-8,-3.3,80,26.2,26.06,1,48,2/5/1996,2
226,-5.9,0.3,78.4,27.42,27.78,0,48,3/31/1997,3
227,-5.9,-0.5,78.7,27.68,28.26,0,48,6/1/1994,6
228,-6.4,0.6,80.8,25.39,25.98,1,48,10/22/1995,10
229,-6.1,2.2,80.5,28.64,29.15,0,48,5/5/1992,5
230,-7.4,0.3,77.8,26.03,25.83,1,48,9/5/1995,9
231,-6.2,-0.5,78.9,27.31,27.65,0,48,1/2/1995,1
232,-8.1,0,86.1,27.59,28.23,0,48,4/25/1996,4
233,-8.4,-2.1,81.2,26.8,27.42,1,48,8/15/1994,8
234,-5,1.9,66.3,27.42,28.44,0,48,9/2/1997,9
235,-7.6,0.4,78.1,26.94,26.72,1,48,2/4/1991,2
236,1.3,-2,83,27.95,29.67,0,48,3/19/1998,3
237,-6.7,-1,80.8,27.2,27.48,0,48,1/8/1995,1
238,-8.7,-0.5,82,27.47,28,0,48,7/21/1993,7
239,-4.3,-0.3,80.9,27.8,28.59,0,48,4/11/1994,4
240,-4.5,-4.9,85.3,25.97,26.25,1,48,1/17/1996,1
241,-5.8,-0.4,83.6,26.4,27.58,1,48,9/7/1993,9
242,-0.9,-0.3,80.2,28.45,30.31,0,48,1/5/1998,1
243,2.5,1.8,79.8,28.61,29.61,0,48,4/17/1998,4
244,-7,-0.2,84.4,26.84,26.98,1,48,2/24/1994,2
245,-4.4,-2.3,69.6,27.82,28.38,0,48,6/16/1997,6
246,-5.1,-0.8,82.2,27.79,29.23,0,48,12/1/1997,12
247,-5.6,0.7,85.7,26.94,26.97,1,48,3/11/1996,3
248,-8,-0.6,86.1,27.55,27.91,0,48,5/23/1996,5
249,-6.6,-2.5,76.6,26.58,26.93,1,48,11/23/1990,11
250,-5.7,-1.4,85.3,28.17,28.34,0,48,4/23/1996,4
251,-4.3,-3.1,82,26.92,27.71,0,48,2/23/1995,2
252,-7.8,-1.9,79.3,26.82,26.7,1,48,10/31/1990,10
253,-1.8,-1.3,85.2,26.58,28.7,0,48,4/4/1993,4
254,-7.4,1,75.3,28.45,28.95,0,48,10/20/1997,10
255,-8.2,-4.6,73,27.63,28.01,0,48,7/19/1993,7
256,-5.3,-2.3,78.8,25.58,26.24,1,48,12/14/1996,12
257,-6.3,-0.1,80,27.75,28,0,48,5/24/1996,5
258,-3.3,0.3,70.9,28.22,29.2,0,48,10/31/1997,10
259,-5,-4,81.6,27.71,28.03,0,48,5/16/1996,5
260,-6.8,-0.8,78.7,26.12,26.43,1,48,9/23/1995,9
261,-5.5,0.3,78.6,28.65,29.24,0,48,11/30/1997,11
262,-7.1,0.1,79.3,28.43,28.74,0,48,6/7/1993,6
263,-8.6,1.5,80.2,27.32,27.63,0,48,7/11/1994,7
264,-6.8,-3.5,76,26.36,26.85,1,48,1/24/1997,1
265,-6.6,-1.7,78,26.72,26.69,1,48,3/1/1997,3
266,-7.3,2.8,76.4,27.94,28.41,0,48,6/24/1997,6
267,-6.3,-3.3,78.9,26.31,26.68,1,48,10/24/1992,10
268,-7.1,-1,80,26.8,26.95,1,48,2/22/1997,2
269,3.4,-1.1,77.8,29.27,30.18,0,48,4/7/1998,4
270,-6.7,-0.4,84,27.48,28.63,0,48,5/4/1994,5
271,-4.7,-0.5,76.1,28.06,29.37,0,48,12/5/1997,12
272,-7.5,-1.3,81.2,25.74,25.45,1,48,11/1/1995,11
273,-7.2,-0.3,83.6,27.47,28.15,0,48,3/12/1993,3
274,-6.6,-1,87.3,26.47,26.05,1,48,2/13/1996,2
275,-6.4,-1.4,77.4,27.35,27.59,0,48,2/1/1995,2
276,-6,1.6,86.9,27.75,28.02,0,48,4/14/1996,4
277,-6.4,-0.6,79.7,26.11,25.92,1,48,9/7/1995,9
278,-4.7,-2.4,78.5,26.2,26.9,1,48,12/16/1992,12
279,-4.6,0.9,76.4,27.58,28.36,0,48,7/23/1997,7
280,-6.1,0.5,79.2,26.6,26.82,1,48,3/3/1997,3
281,-1.1,-1.4,85.6,26.85,27.62,0,48,2/19/1995,2
282,-6.7,0.1,84.1,27.51,27.91,0,48,3/25/1995,3
283,-7.9,-1.3,79,27.28,27.9,0,48,3/6/1994,3
284,-6.4,-2.9,77.7,26.39,26.79,1,48,10/11/1992,10
285,-3.3,-5,74.8,26.05,26.83,0,48,11/19/1996,11
286,-7.3,-2.8,78.8,26.6,27.1,1,48,8/18/1994,8
287,-8.1,-1.1,80.1,26.64,27.04,1,48,8/24/1994,8
288,-7.2,-0.5,79,27.7,27.67,0,48,6/28/1995,6
289,-7.8,-1.9,74.8,26.44,26.76,1,48,10/29/1996,10
290,-5.3,-2,78.1,26.52,27.04,0,48,11/27/1993,11
291,-5.4,-1.2,82.1,27.93,28.34,0,48,5/8/1995,5
292,-5.8,-1.1,80.5,26.64,27.52,0,48,9/10/1993,9
293,-6.4,1.9,82.5,27.89,27.74,0,48,4/2/1995,4
294,-4.7,-1.6,81.2,27.55,27.91,0,48,5/30/1996,5
295,-8.9,-1.5,75,26.82,26.8,1,48,11/11/1990,11
296,-7.6,-0.5,78,26.09,26.33,1,48,9/21/1996,9
297,-8.8,-0.9,78.5,26.82,26.75,1,48,11/8/1990,11
298,-6.5,-0.7,76.5,26.88,27.41,0,48,11/9/1993,11
299,-7,-3.7,78.1,26.7,26.85,1,48,1/21/1991,1
300,-6.7,-2.3,78.3,27.97,28.17,0,48,5/26/1995,5
301,-5.8,0,79.7,26.88,27.36,0,48,10/8/1993,10
302,-6.4,0.5,82.6,28.12,28.4,0,48,4/8/1994,4
303,-6.8,-1.6,78,26.84,27.41,0,48,8/12/1994,8
304,-8,-0.6,75.2,26.6,26.85,1,48,12/31/1996,12
305,-8.9,0,80.4,27.52,27.28,1,48,7/9/1996,7
306,-7.7,1.1,84.5,27.6,28.55,0,48,5/6/1994,5
307,-3.9,-2.5,77.9,27.74,28.24,0,48,5/30/1995,5
308,-7.7,-1.4,86.6,28.34,28.99,0,48,5/21/1998,5
309,-7.9,-1.8,75.7,27.08,27.11,0,48,8/7/1995,8
310,-7.6,1.6,82,28.75,29.09,0,48,5/9/1992,5
311,-6.7,-2.5,76,26.28,26.85,1,48,1/23/1997,1
312,-1.9,-2.6,80.8,27.28,28.89,0,48,4/28/1994,4
313,-6.6,1,74.4,27.46,28.13,0,48,8/17/1997,8
314,-6.5,-3.1,72.6,26.39,27.01,0,48,8/7/1996,8
315,-5.7,1.3,83.6,27.4,27.36,0,48,3/18/1996,3
316,-7.3,-1.7,82,25.7,25.28,1,48,12/25/1995,12
317,-6.8,-1.5,76.7,27.74,28.03,0,48,7/3/1995,7
318,-6.1,-1.1,82.9,25.73,26.26,1,48,12/15/1996,12
319,-6.9,-5.6,72.4,26.05,26.8,1,48,12/5/1996,12
320,-7.9,0,83.6,26.86,26.65,1,48,1/30/1991,1
321,-7.3,-2.8,74.4,26.13,26.55,1,48,1/17/1997,1
322,-2.6,-3.6,76.9,28.69,30.13,0,48,2/12/1998,2
323,-6.9,1.5,81.6,27.35,27.5,0,48,7/27/1993,7
324,-6.1,-2.8,80.9,26.28,26.81,1,48,10/12/1996,10
325,-3.2,-0.6,71.4,26.12,27.19,0,48,9/24/1994,9
326,-1.5,0.9,81.8,28.53,30.05,0,48,4/4/1998,4
327,-7.3,-1.4,80,25.93,26.46,1,48,9/20/1996,9
328,-8.4,-0.9,81.6,26.9,26.74,1,48,1/25/1991,1
329,-4.8,-1.3,78.6,26.48,27.14,0,48,10/9/1994,10
330,-3.4,1.1,79,28.45,29.62,0,48,5/8/1998,5
331,-6.6,-1.9,74.6,27.75,28.32,0,48,6/30/1993,6
332,-8.4,1.7,80.4,27.36,27.65,0,48,2/11/1994,2
333,-6.5,1.5,78.2,27.58,27.99,0,48,6/16/1995,6
334,-6.9,-2,78.9,26.2,26.44,1,48,9/21/1992,9
335,-5.5,0.8,73,26.73,27.29,0,48,10/18/1994,10
336,-6.6,-1.5,75.4,26.76,27.07,0,48,9/21/1993,9
337,-7.7,0,70,28.41,28.91,0,48,10/8/1997,10
338,-6.7,2.1,74.7,26.7,26.97,1,48,8/18/1996,8
339,-7.3,2.2,78.3,27.01,27.08,1,48,8/1/1996,8
340,-8.5,0.4,79.7,27.62,27.94,0,48,1/24/1995,1
341,-6.3,-0.1,78.4,27.74,28.23,0,48,4/9/1997,4
342,-6,-0.3,80.1,28.43,29.13,0,48,5/24/1993,5
343,-6.1,-1.1,70.8,27.58,28.25,0,48,8/5/1997,8
344,-5.6,-2.3,79.7,27.83,28.89,0,48,5/28/1993,5
345,-5.2,-1.7,75.4,26.12,26.76,1,48,9/25/1992,9
346,-8,-0.6,73.6,27.94,28.19,0,48,7/20/1997,7
347,-8,-1.7,79.1,26.56,27.04,1,48,8/22/1994,8
348,-6,-2.3,77.3,26.16,26.58,1,48,9/22/1992,9
349,-8.5,-0.7,79.5,27.7,27.88,0,48,1/25/1995,1
350,-7.7,0,77.9,26.05,25.89,1,48,11/9/1995,11
351,-6.7,-1.1,83.4,27.59,28.73,0,48,6/7/1998,6
352,-7.5,-1.9,80.9,27.02,26.87,1,48,2/19/1991,2
353,-6.6,-2.7,69.5,26.2,27.03,0,48,11/24/1992,11
354,-4.4,-2.8,78.5,26.2,26.8,1,48,1/4/1993,1
355,-5,1,78.4,27.7,28.2,0,48,4/20/1997,4
356,-8.1,-1.2,77.5,25.97,25.92,1,48,11/13/1995,11
357,-6.3,-5.5,74,26.17,26.67,1,48,1/28/1997,1
358,-6.8,-3.5,79.5,26.6,27.17,1,48,8/17/1994,8
359,-5,-3.1,78.9,26.23,26.91,1,48,10/16/1992,10
360,-7,0.5,77.5,27,27.02,1,48,7/24/1995,7
361,-7.3,1.6,71.2,27.54,28.2,0,48,7/14/1997,7
362,-6.1,0.5,79.6,26.64,27.03,1,48,2/24/1997,2
363,-4.7,-2.7,82.9,27.31,27.52,0,48,2/26/1995,2
364,-3.8,-4.4,78.1,26.46,26.81,0,48,11/28/1990,11
365,-7,-2.2,76.1,27.51,27.69,0,48,12/12/1994,12
366,-4,-2.3,81.6,25.43,25.65,1,48,12/18/1995,12
367,-6.3,-0.5,82.4,27.83,27.9,0,48,5/20/1996,5
368,-3.4,1.1,74.1,28.02,29.27,0,48,11/11/1997,11
369,-7.3,-0.9,65.5,27.42,28.28,0,48,7/27/1997,7
370,-4.1,0.4,66.7,27.5,28.29,0,48,8/6/1997,8
371,-5.5,-3.1,80.1,26.27,26.84,1,48,12/20/1992,12
372,-6.8,0.7,71.6,26.25,27,1,48,12/1/1996,12
373,-8.1,0.8,82.4,26.72,27.18,1,48,9/5/1994,9
374,-1.4,-3.2,80.1,28.44,29.31,0,48,4/21/1993,4
375,-4.8,-4,74.2,26.43,26.99,0,48,1/21/1993,1
376,-8.7,0.4,84.2,27.88,28.36,0,48,5/13/1994,5
377,-7.4,-0.7,80.9,26.7,26.83,1,48,1/11/1991,1
378,-6.2,-2.6,78.9,26.62,26.88,1,48,11/22/1990,11
379,-7.1,-0.6,84.5,26.6,26.78,1,48,12/23/1993,12
380,-6.6,-1,80.8,25.74,26.22,1,48,10/13/1995,10
381,-7,-1.5,70.9,26.77,27.23,0,48,8/14/1995,8
382,-5.9,0.2,77,27.78,28.08,0,48,6/4/1995,6
383,-7.8,-2.3,76.2,26.78,26.74,1,48,11/9/1990,11
384,-0.5,-3.3,71.6,27.7,28.84,0,48,6/4/1997,6
385,-8.3,-0.3,79.6,26.36,26.22,1,48,9/18/1995,9
386,1.4,-3.6,83.8,28.14,29.96,0,48,3/2/1998,3
387,-5.7,-0.6,77.1,27.59,27.93,0,48,5/27/1996,5
388,-6.7,0.4,81.2,28.29,28.34,0,48,5/1/1991,5
389,-8.3,0.1,82,26.78,26.76,1,48,1/26/1991,1
390,-7.9,-1.6,80.4,26.6,27.03,1,48,8/21/1994,8
391,-5.6,-1.5,90.7,25.91,27.5,1,48,2/17/1995,2
392,-3.2,-3,78.5,26.23,26.98,0,48,1/15/1993,1
393,-4.9,-4,80.9,26.82,27.32,0,48,2/19/1993,2
394,-6.1,-2.6,75.8,26.64,27.01,0,48,8/18/1993,8
395,-4.6,-0.1,81,28.77,29.48,0,48,12/7/1997,12
396,-6.3,-1.3,84.4,25.54,25.66,1,48,12/31/1995,12
397,3.5,-3,85,27.48,29.51,0,48,2/22/1998,2
398,-5,1.2,79.8,28.96,29.77,0,48,1/2/1998,1
399,-8.2,-1.8,79.3,26.6,27.07,1,48,8/23/1994,8
400,-4.8,0.2,84,26.9,27.55,0,48,3/18/1991,3
401,-1.1,-2.1,75.7,28.23,29.63,0,6,11/23/1997,11
402,-3.8,-2.2,86.6,25.2,26.36,1,6,1/9/1997,1
403,-6.2,-1.1,79.2,25.81,26.61,1,6,12/3/1996,12
404,-7.3,-0.6,83.2,28.98,29.29,0,6,5/31/1992,5
405,-5.6,-1.4,86.7,27,27.01,1,6,3/6/1995,3
406,-4.3,-0.5,83.2,28.15,29.71,0,6,12/20/1991,12
407,-4.4,-0.4,81.3,27.87,28.19,0,6,5/7/1997,5
408,-7.2,-0.5,81.9,26.62,26.41,1,6,1/27/1993,1
409,-6.8,-2.8,87.1,25.41,25.21,1,6,3/6/1996,3
410,-7.3,0.3,87.1,25.41,25.33,1,6,9/19/1995,9
411,-5.3,-0.6,73.9,27.81,28.48,0,6,11/16/1994,11
412,-7,-1.9,74.3,27.05,27.04,0,6,11/14/1992,11
413,-6.9,-0.9,82.2,26.03,25.72,1,6,10/11/1992,10
414,-6.1,1,81.1,26.39,26.63,1,6,8/17/1996,8
415,-4.3,-0.8,81.9,26.82,27.56,0,6,5/22/1996,5
416,-6.1,-0.5,81.3,25.64,25.84,1,6,10/26/1995,10
417,-5.2,-0.2,80.8,27.21,27.69,0,6,6/25/1994,6
418,-4.6,0.3,71.6,26.94,27.8,0,6,7/26/1994,7
419,-3.4,4.2,72,28.92,29.62,0,6,9/18/1997,9
420,-7.6,0,82.3,25.88,26.4,1,6,10/18/1996,10
421,-8.5,1.8,78.8,26.2,26.28,1,6,10/27/1996,10
422,-5.9,0.2,85.1,26.77,26.66,1,6,3/1/1993,3
423,-6.2,0.2,77.7,27.83,28.14,0,6,10/20/1991,10
424,-2.5,-2.2,82.4,26.88,27.48,0,6,5/26/1995,5
425,-4.6,0.1,83.2,25.41,25.94,1,6,10/25/1995,10
426,-4.7,-1.8,84.3,26.47,26.94,1,6,5/11/1996,5
427,-6.5,0.8,81.5,26.24,26.51,1,6,11/24/1996,11
428,-3.6,3.2,79.3,27.83,29.46,0,6,9/4/1997,9
429,-6.5,-1.9,78.8,26.63,26.8,1,6,7/12/1996,7
430,-3.3,0.7,72.4,26.38,27,0,6,11/23/1992,11
431,-3.8,2.3,79.7,27.87,29.23,0,6,7/28/1997,7
432,1.4,0.6,85.8,26.41,28.6,0,6,5/19/1997,5
433,-7.6,-0.2,82,25.68,26.11,1,6,10/8/1995,10
434,-3.4,-1.9,81.2,28.14,28.43,0,6,6/13/1993,6
435,-8.4,-2.5,78.3,27.72,27.87,0,6,6/7/1994,6
436,-5.8,-1.5,76.6,25.33,25.68,1,6,10/28/1995,10
437,-9.6,-0.1,78.2,25.49,26.1,1,6,12/4/1995,12
438,3.7,-2.8,74.9,27.59,29.31,0,6,7/8/1997,7
439,-7.1,-1.4,82.8,26.7,26.93,1,6,1/7/1993,1
440,-5,3.9,84.3,25.96,26.2,1,6,8/2/1996,8
441,0.4,1,75.7,28.23,30.08,0,6,10/3/1997,10
442,-7.8,-2.2,78.8,26.07,26.06,1,6,1/9/1994,1
443,-6.9,-3.5,84.9,26.25,26.19,1,6,3/20/1997,3
444,-5.9,0.5,88.2,25.18,25.24,1,6,3/8/1996,3
445,1.5,-6.9,78.9,28.54,28.93,0,6,1/21/1992,1
446,-6.2,2.9,81.8,27.4,27.5,0,6,10/1/1993,10
447,-0.9,0.1,80.9,28.74,29.21,0,6,4/27/1992,4
448,-9.1,-0.4,84.3,24.91,25.08,1,6,2/15/1996,2
449,-7.3,-1.4,74.8,27.05,26.85,0,6,11/15/1992,11
450,-6.7,-0.6,81.6,25.72,26.3,1,6,11/2/1995,11
451,-6.4,0,83.5,26.94,27.31,1,6,5/1/1996,5
452,-6.9,-3.5,79.8,28.22,28.35,0,6,7/8/1993,7
453,-3.9,-1.1,79.3,27.99,28.65,0,6,5/5/1997,5
454,-6.3,1.8,85.9,25.88,26.02,1,6,10/21/1996,10
455,-6,-0.1,85.5,26.96,27.06,1,6,2/26/1995,2
456,-3.7,2.5,75.3,29,30.45,0,6,10/7/1997,10
457,-6.6,-1.3,78.2,26.11,25.86,1,6,8/26/1992,8
458,-3,0.1,75.8,27.67,28.44,0,6,11/14/1991,11
459,-6.6,-1.2,77.7,27.87,28.16,0,6,7/29/1991,7
460,-4.3,0.5,83.2,27.15,27.51,0,6,5/27/1995,5
461,-7,0.9,85.1,27.12,27.28,1,6,1/31/1995,1
462,-5.6,-1,88.2,25.49,25.64,1,6,3/15/1996,3
463,-2.6,-2.2,78.9,27.48,27.9,0,6,9/30/1991,9
464,-5.9,-0.9,84.7,24.95,25.2,1,6,11/11/1995,11
465,-4,2.7,83.1,25.65,26.12,1,6,9/13/1996,9
466,-7.2,0.1,82.4,27.4,27.44,0,6,8/27/1991,8
467,-2.7,-3,87.9,27.59,29.38,0,6,2/24/1992,2
468,-3,0.7,84.8,26.45,26.97,1,6,6/30/1992,6
469,6.2,1.8,82.1,27.71,29.07,0,6,6/7/1997,6
470,-6,-0.6,78.9,27.4,27.71,0,6,10/15/1993,10
471,-7.9,-1.9,76.5,25.93,26.33,1,6,1/17/1997,1
472,-6.1,0.9,85.4,26.11,26.02,1,6,10/2/1992,10
473,-3.8,-0.7,85.6,27.16,27.23,0,6,3/18/1993,3
474,-1.9,-0.6,80.5,28.61,28.94,0,6,5/25/1993,5
475,-5.9,0.9,78.8,26.12,27.06,1,6,11/19/1996,11
476,-4.4,1.7,82.8,28.35,28.64,0,6,11/24/1991,11
477,-4.3,-2.2,87.5,26.67,26.96,1,6,4/17/1996,4
478,-5.3,0.4,82,27.12,27.52,0,6,6/15/1995,6
479,-4,-2.4,83.2,26.88,27.09,0,6,7/26/1992,7
480,-7.3,-1.7,73.7,27.29,27.59,0,6,7/6/1994,7
481,-4.6,-0.6,76.8,27.41,27.97,0,6,6/2/1994,6
482,-8.2,-1.6,79.4,26.39,26.66,1,6,12/1/1993,12
483,-5.1,-2.2,84.9,26.46,26.55,1,6,2/28/1993,2
484,-6.2,-1,82.4,29.41,29.62,0,6,12/12/1991,12
485,-1.9,-1.6,87.1,26.68,27.01,0,6,6/21/1992,6
486,-3.3,-4.3,85.9,28.54,28.9,0,6,3/19/1992,3
487,0.2,-5.4,76.5,28.6,29.33,0,6,6/14/1997,6
488,-5.8,-1,84.8,27.4,27.65,0,6,3/27/1993,3
489,-7.9,-2.1,81.2,25.92,26.13,1,6,1/3/1994,1
490,-6.4,-1.5,77.4,25.33,25.73,1,6,10/27/1995,10
491,-5.6,2.4,77.7,27.36,27.24,0,6,11/28/1992,11
492,-1.6,0.2,81.9,26.43,27.31,0,6,6/30/1996,6
493,-5.1,-1.2,84.8,26.13,26.52,1,6,9/8/1991,9
494,-4.4,-0.6,75.8,26.85,27.25,0,6,10/24/1993,10
495,-6.4,-1.3,82.1,25.6,25.94,1,6,2/20/1997,2
496,-2.3,-0.3,78.1,27.51,28.3,0,6,11/12/1991,11
497,-6.7,-1.8,81.9,25.96,26.6,1,6,9/9/1996,9
498,-5,0.7,76.4,27.01,27.73,0,6,9/11/1993,9
499,-6.8,-1.2,76.2,27.77,28.19,0,6,10/26/1994,10
500,-5.3,-1.3,73.6,25.32,25.88,1,6,1/5/1997,1
501,-7.4,-2.4,84.2,26.62,26.43,1,6,12/23/1992,12
502,-5.7,-2.1,82.5,25.69,25.87,1,6,12/17/1996,12
503,-5.4,-0.1,78.1,27.6,28.17,0,6,7/2/1994,7
504,-3.5,-1.3,85.9,28.07,28.49,0,6,6/3/1992,6
505,-5.7,-0.3,80.4,25.96,26.73,1,6,12/2/1996,12
506,-7.7,-1.7,85.4,25.81,25.92,1,6,3/4/1997,3
507,-8.5,-0.9,84.3,25.22,25.3,1,6,2/4/1996,2
508,-5.1,-2.9,82.8,26.5,26.8,1,6,12/20/1992,12
509,-6.6,1.2,87.1,26.16,25.94,1,6,10/22/1996,10
510,-5.4,-1.2,76.6,26.3,26.57,1,6,7/12/1995,7
511,-7.5,-0.9,82.4,24.29,24.13,1,6,12/11/1995,12
512,0.6,2.6,75.7,28.23,29.65,0,6,9/17/1997,9
513,-7.8,-1.3,81.7,25.85,26.16,1,6,2/7/1997,2
514,-6.3,0.4,77.1,27.32,27.73,0,6,10/16/1993,10
515,-9.3,-1.8,82.7,26.23,26.53,1,6,12/25/1993,12
516,-7.2,-1,72.9,27.13,27.2,0,6,11/13/1992,11
517,-4.3,-0.6,87.5,25.18,25.62,1,6,2/24/1996,2
518,-4.8,-1.3,87.5,26.55,26.73,1,6,4/11/1996,4
519,-8.8,1,80.5,26.03,26.29,1,6,9/4/1995,9
520,-4.8,-1.3,87.4,25.41,25.43,1,6,8/13/1995,8
521,-4.6,-1.4,78.9,28.23,29.38,0,6,7/5/1997,7
522,-6.1,-0.5,82.8,25.76,26.08,1,6,10/7/1995,10
523,-6.6,0.5,72.1,27.56,28.14,0,6,8/17/1994,8
524,-4,-2,80.1,27.83,28.3,0,6,11/5/1991,11
525,-7.7,-1.9,79.7,25.73,25.83,1,6,2/12/1997,2
526,-6.1,1,78.1,28.9,29.42,0,6,1/5/1992,1
527,-5.4,-1.2,83.8,25.76,25.73,1,6,8/19/1992,8
528,-2.1,-1,82.8,27.48,28.05,0,6,3/23/1993,3
529,-3.7,-0.5,82,26.92,27.54,0,6,6/13/1995,6
530,-5.3,-1,81.5,26.35,26.67,1,6,8/31/1996,8
531,-6.8,-0.3,83.6,24.4,24.35,1,6,12/9/1995,12
532,-4.5,-0.1,79.3,27.51,27.99,0,6,10/5/1991,10
533,-6,0.2,81.8,26.15,26.66,1,6,11/25/1993,11
534,-2.8,-2,82,28.58,29.45,0,6,5/28/1992,5
535,-8.1,0.7,81.9,26.24,26.3,1,6,7/29/1996,7
536,-5,-1.6,83,28.26,28.42,0,6,5/29/1993,5
537,-3.5,2,77.3,27.55,28.7,0,6,10/10/1991,10
538,-2.1,-1.5,85.5,28.54,29.82,0,6,4/16/1992,4
539,-3.3,-4.5,85.2,28.82,29.43,0,6,4/13/1992,4
540,-5.4,-0.2,78.9,28.88,29.37,0,6,7/18/1997,7
541,-4,-1.8,84,26.07,26.67,1,6,3/10/1994,3
542,-2.6,4.2,77.3,27.55,27.9,0,6,10/2/1991,10
543,1.3,-0.2,77.7,27.67,29.58,0,6,9/2/1997,9
544,-5.4,0.1,84.1,26.27,26.49,1,6,8/8/1993,8
545,0.5,-4.4,76.1,28.83,29.69,0,6,11/22/1997,11
546,-6.3,-2.3,79.7,26.11,26.24,1,6,10/28/1992,10
547,-5.2,-1.5,79.4,26.31,27.55,0,6,11/22/1993,11
548,-8,-1.8,77,25.45,25.89,1,6,11/22/1995,11
549,-4.6,-1.9,83.2,28.82,29.32,0,6,2/26/1992,2
550,-4.6,-1.6,84.7,26.88,27.16,0,6,3/29/1995,3
551,-4.9,-1.9,84,27.39,27.78,0,6,1/2/1995,1
552,-7.4,-0.4,87.1,25.99,25.91,1,6,1/21/1994,1
553,-8,1.3,80.5,28.68,29.05,0,6,8/1/1997,8
554,-6.9,-2.4,84.3,26.34,26.61,1,6,8/1/1995,8
555,-3.5,0.1,82.4,28.82,29.68,0,6,4/1/1992,4
556,-6.5,0.8,78.4,26.04,26.32,1,6,11/26/1996,11
557,-7.4,-2.9,82.7,26.94,26.92,1,6,7/11/1996,7
558,3.3,-1.4,78.9,28.07,29.54,0,6,10/31/1997,10
559,-6.1,0.1,72.9,26.55,27.23,0,6,9/17/1994,9
560,-7,-0.1,81.5,25.92,26.17,1,6,7/31/1996,7
561,-7.2,-0.5,85.2,25.99,26.05,1,6,2/26/1994,2
562,-6.2,-0.4,84.7,27.39,27.67,0,6,12/24/1994,12
563,-6.4,-3.1,85.5,27.74,27.82,0,6,1/15/1995,1
564,-5.4,-0.4,78.9,26.81,27.18,0,6,5/13/1995,5
565,-4.9,-1.6,87.5,28.27,29.21,0,6,5/5/1992,5
566,-9.2,-0.6,82,27.54,27.86,0,6,1/21/1995,1
567,-5.1,1.7,80.2,27.53,27.59,0,6,5/25/1994,5
568,-2.8,1.5,81.3,27.83,28.13,0,6,10/29/1991,10
569,-4,-1.1,83.6,26.88,27.37,0,6,4/14/1995,4
570,-3.8,0.3,69.5,26.94,27.7,0,6,7/24/1994,7
571,-7.7,0.4,86.7,26.9,26.91,1,6,6/15/1996,6
572,-6.5,-1.1,80,28.3,28.35,0,6,7/10/1993,7
573,-5.6,-2,87.6,26.35,26.45,1,6,2/17/1994,2
574,1.2,1.9,72.8,28.56,30.21,0,6,9/25/1997,9
575,-9.4,1.1,78.8,26.78,27.03,1,6,8/22/1996,8
576,-1.9,-1.8,86.7,28.15,29.12,0,6,3/10/1992,3
577,-3.7,2.5,73.2,28.44,29.2,0,6,7/24/1997,7
578,-3.4,-0.7,77,28.82,29.59,0,6,1/4/1992,1
579,-2.9,-1.6,80.5,27.75,28.1,0,6,8/11/1991,8
580,-6.1,1.6,79.7,28.6,29.06,0,6,8/2/1997,8
581,-7.4,-0.7,80.6,26.93,27,1,6,8/2/1993,8
582,-3.9,0,86.1,25.68,25.84,1,6,9/12/1992,9
583,-5.9,0.5,90.6,25.38,25.53,1,6,2/27/1996,2
584,-8.3,-0.7,85.1,24.55,24.55,1,6,1/14/1996,1
585,-1.5,2.9,73.2,28.15,29.67,0,6,6/23/1997,6
586,-5.3,-0.8,84,24.02,23.99,1,6,12/14/1995,12
587,-7.6,-1.5,87.9,26.03,25.9,1,6,8/30/1992,8
588,-3.3,-1.6,83.1,27.13,28,0,6,5/28/1994,5
589,-5.6,-0.3,80.8,26.98,27.68,0,6,7/14/1994,7
590,-3.2,0.5,78.1,27.67,28.46,0,6,11/7/1991,11
591,-3,-0.8,79.4,26.67,27.46,0,6,11/4/1993,11
592,-6.9,-2.2,87.4,25.61,25.68,1,6,8/19/1995,8
593,-6.6,-0.5,76.3,26.71,27.3,0,6,11/19/1993,11
594,-5.4,0.2,81.3,27.91,28.39,0,6,11/8/1991,11
595,-6.9,-0.6,82.4,25.88,26.01,1,6,8/27/1995,8
596,-8.6,-0.1,82.7,25.38,25.4,1,6,11/4/1996,11
597,-6.1,-1.2,77.7,25.32,25.63,1,6,12/15/1996,12
598,-3.5,4.7,72,27.25,27.8,0,6,10/2/1994,10
599,-5.2,-2,84.3,26.03,25.93,1,6,8/22/1992,8
600,-6.5,-0.2,75.8,26.62,26.9,1,6,1/21/1993,1
601,-6,0.5,75,26.13,26.8,1,12,12/31/1995,12
602,-3.3,-2.4,76.6,26.29,27.42,0,12,11/4/1992,11
603,-2.9,-1.3,74.6,27.24,28.13,0,12,5/15/1995,5
604,-5.9,-1.4,77.8,27.56,27.8,0,12,5/10/1995,5
605,-5.1,0,81,27.68,28.29,0,12,5/19/1995,5
606,-1.8,1.7,75,27.08,27.99,0,12,6/28/1996,6
607,-7,1.6,83.8,26.73,26.58,1,12,3/5/1994,3
608,-4,2.6,80.1,27.95,28.13,0,12,10/11/1993,10
609,-0.8,-6.6,79.8,28.77,29.13,0,12,1/23/1998,1
610,5.1,-1.9,83.2,28.38,30.05,0,12,12/26/1994,12
611,-3.3,-1.9,77.2,26.85,27.54,0,12,12/8/1996,12
612,-3.1,-2.6,81.6,28.1,29.65,0,12,5/27/1992,5
613,-4.5,1.9,77.1,29.97,30.2,0,12,12/21/1994,12
614,-3.6,-0.4,79.4,27.6,28.1,0,12,10/20/1993,10
615,-4.4,-3.5,86.5,27.49,28.5,0,12,2/2/1995,2
616,-7.8,2,81.4,27.6,27.21,0,12,12/29/1993,12
617,-3.8,-0.5,72.6,27.16,28.02,0,12,7/13/1995,7
618,-3.2,-6.2,86.2,28.54,29.35,0,12,3/15/1998,3
619,-8.3,-0.8,74,26.97,27.14,0,12,9/10/1996,9
620,0.4,-1.4,78.5,27.55,28.38,0,12,1/29/1993,1
621,-3,3.4,74,28.43,29.18,0,12,9/15/1993,9
622,-3.7,2.6,84.7,28.66,28.43,0,12,5/25/1994,5
623,-7.6,0,73.6,27.49,27.75,0,12,1/18/1997,1
624,-3.1,0.5,77.7,27,27.95,0,12,12/10/1992,12
625,-2.6,0,70.6,28.84,29.86,0,12,10/14/1994,10
626,0.8,-6.2,83.6,28.7,28.89,0,12,12/8/1997,12
627,-2.3,-2.3,83.4,26.52,27.17,0,12,12/19/1995,12
628,-0.3,-8.2,81.9,28.11,28.82,0,12,3/18/1998,3
629,-5,-0.1,71.5,27.17,27.45,0,12,8/5/1996,8
630,-1.7,-0.6,79.3,27.76,27.86,0,12,10/24/1993,10
631,-4.2,0.7,78,29.23,30.4,0,12,11/6/1994,11
632,-6.4,-0.5,75.2,27.6,27.83,0,12,8/23/1996,8
633,-7.1,-1.3,82.4,27.55,28.16,0,12,12/7/1992,12
634,-1.3,1.5,81.3,27.43,28.3,0,12,12/3/1992,12
635,-5.5,-2.2,81.6,26.96,28.06,0,12,11/18/1992,11
636,-2.8,-0.4,74.6,28.53,29.28,0,12,7/28/1994,7
637,-8,1.3,86.4,27.36,26.99,1,12,2/23/1994,2
638,-5.8,-0.8,79.2,28.98,28.9,0,12,7/18/1993,7
639,-6.2,0.8,77,27.32,27.8,0,12,7/6/1996,7
640,2.6,1.1,83.4,25.85,28.14,0,12,6/21/1995,6
641,-7,0.5,76,26.97,26.91,1,12,12/14/1996,12
642,-6.6,1.4,82.2,28.66,28.95,0,12,7/28/1993,7
643,-3,2.2,76.4,28.86,29.18,0,12,6/27/1993,6
644,-6.3,-2.6,86.1,27.76,27.75,0,12,4/9/1995,4
645,-6.8,0.6,76.6,28.98,28.82,0,12,7/29/1993,7
646,-3.8,0.7,88.1,27.01,27.79,0,12,4/22/1994,4
647,-5.9,-2.1,83.6,28.78,28.5,0,12,6/9/1993,6
648,-6.8,0.4,80.6,26.93,27.13,1,12,5/13/1996,5
649,-6.2,-1,75.5,28.98,29.12,0,12,7/14/1993,7
650,6.9,2.5,84.5,28.07,28.93,0,12,10/26/1997,10
651,-5.2,0.2,87.9,26.81,26.77,1,12,2/18/1994,2
652,-1.4,-2.1,74.6,27.24,28.61,0,12,7/1/1992,7
653,-3.4,-3.2,81.3,26.8,27.81,0,12,3/15/1993,3
654,-6,-0.7,79,27.4,27.94,0,12,7/4/1996,7
655,-3.1,1,78.3,28.07,28.93,0,12,8/5/1993,8
656,-6.5,-0.5,82.9,29.1,29.1,0,12,6/2/1993,6
657,4.2,4.5,82,28.3,28.75,0,12,3/27/1992,3
658,-6,-0.9,80.6,27.28,27.88,0,12,7/27/1996,7
659,-6.4,-0.4,75.4,27.59,28.4,0,12,1/22/1993,1
660,-5.3,-1,80.1,27.99,28.43,0,12,2/18/1995,2
661,-7.3,-0.8,86.4,27.32,26.9,1,12,2/20/1994,2
662,-1.8,0.9,75.8,27.55,28.9,0,12,9/15/1992,9
663,-1.1,1.3,75.1,28.5,29.32,0,12,9/17/1997,9
664,-6.1,0,78.6,28.27,28.33,0,12,9/28/1993,9
665,1.3,1.1,84.6,27.95,28.99,0,12,5/14/1993,5
666,-6.3,0.2,84,26.61,26.4,1,12,2/5/1994,2
667,-2.3,-3,76.4,28.96,29.51,0,12,8/25/1994,8
668,-7.5,-2.3,83.6,27.2,27.66,0,12,2/12/1993,2
669,-3.4,1,85.9,28.38,28.65,0,12,2/8/1995,2
670,-3.5,-2.2,75.4,28.93,29.94,0,12,6/2/1992,6
671,3.6,-7.1,85.9,27.31,28.89,0,12,3/14/1992,3
672,-6,-4.9,85.3,27.91,28.1,0,12,4/9/1998,4
673,-3.4,4.1,83,26.93,27.71,0,12,6/25/1996,6
674,0.2,-0.8,85.3,28.19,28.74,0,12,4/16/1993,4
675,-2.9,1.4,88.7,27.05,27.08,0,12,3/29/1994,3
676,-3.6,-1.5,81.8,29.07,30.14,0,12,12/18/1994,12
677,-3.7,-1.2,76.9,28.69,29.2,0,12,8/2/1994,8
678,6,-3.4,81.3,28.06,28.97,0,12,3/17/1992,3
679,-5.6,-0.1,82.8,26.76,27.45,0,12,9/1/1992,9
680,-5.4,-1,84.6,25.81,26.24,1,12,3/15/1996,3
681,-0.1,-5.7,84.5,28.38,29.43,0,12,3/10/1998,3
682,-5.6,-0.5,74,26.05,26.74,1,12,1/1/1996,1
683,-5.2,-1.6,90.8,27.91,27.84,0,12,5/17/1998,5
684,-2.6,-1.9,77,29.54,30.22,0,12,11/29/1994,11
685,-0.4,-1.6,69,29.42,30.41,0,12,11/17/1994,11
686,-7.6,0.8,76.7,28.27,28.27,0,12,10/3/1993,10
687,-5,1.9,74.6,27.28,27.93,0,12,7/25/1996,7
688,-2.2,-1.3,81.5,28.03,28.53,0,12,6/14/1994,6
689,-6.2,-1.9,87.1,27.95,27.99,0,12,4/5/1995,4
690,-3.7,-2.3,82,27.24,27.9,0,12,12/1/1992,12
691,-4.6,-1.8,79.7,27.75,28.38,0,12,8/1/1992,8
692,-6.8,0.7,76.2,27.84,28.26,0,12,5/29/1995,5
693,-4.4,1.8,83.8,27.32,27.46,0,12,5/2/1996,5
694,-2,1,73.4,27.08,28.23,0,12,9/22/1992,9
695,6,-0.7,78.5,28.62,29.42,0,12,6/3/1997,6
696,-5,1,80,28.9,28.82,0,12,6/15/1993,6
697,4.1,-1.5,83.6,27.71,29.35,0,12,4/26/1992,4
698,-3.8,0,76.8,29.05,29.36,0,12,6/26/1997,6
699,4.8,-1,86.3,27.2,29.59,0,12,4/22/1992,4
700,-7.4,-2.5,77.4,25.65,25.9,1,12,2/19/1996,2
701,-5.6,-1.7,74,27.05,27.38,0,12,10/1/1996,10
702,-1.8,-6,86.2,28.34,28.95,0,12,2/26/1998,2
703,-6.5,2.7,77.6,27.21,27.57,0,12,8/27/1996,8
704,-1.5,-5.3,84.5,28.93,29.19,0,12,12/14/1997,12
705,-4.7,-1.5,74.3,28.54,28.94,0,12,9/21/1993,9
706,-4.5,-2.7,79.8,29.58,30.14,0,12,12/12/1994,12
707,-7.4,0.3,79.4,26.57,26.76,1,12,1/26/1996,1
708,-7.6,1.8,81.4,26.81,26.79,1,12,9/5/1995,9
709,-7.4,0.3,74.4,26.77,26.97,1,12,2/21/1997,2
710,-6.6,-2.1,80.6,26.21,26.41,1,12,3/7/1996,3
711,-0.3,1.3,74.8,28.46,28.92,0,12,8/10/1993,8
712,-2.6,2.7,80,27.99,28.29,0,12,10/9/1993,10
713,-5,0.2,74.4,26.97,27.59,0,12,12/5/1996,12
714,-2.5,-2.3,76.6,26.88,27.97,0,12,9/21/1992,9
715,-6.3,-1.7,75,26.25,27.01,1,12,11/13/1995,11
716,-6.5,-0.9,74,27.45,27.62,0,12,10/12/1996,10
717,-0.7,6,81.5,28.42,29.52,0,12,8/3/1997,8
718,-4.3,-2,81.3,29.15,30.54,0,12,11/13/1994,11
719,-2.1,2.9,81.4,28.11,30.1,0,12,11/21/1994,11
720,-5,0.8,74.2,25.61,26.31,1,12,11/24/1995,11
721,-6.8,-0.2,81.4,28.14,28.22,0,12,2/28/1995,2
722,-3.9,-1.1,76.4,26.69,27.23,0,12,9/15/1996,9
723,-2,-2.1,80.7,29.04,30.14,0,12,12/11/1994,12
724,-5.9,0.2,82.6,26.69,26.86,1,12,1/10/1994,1
725,-3.9,2.5,80.6,28.77,29.37,0,12,6/27/1997,6
726,-4.4,-1.2,83.3,27.17,27.27,0,12,3/18/1994,3
727,-4.3,-4.2,93.4,27.25,27.65,0,12,5/19/1998,5
728,-5.6,-1.1,80.2,28.45,28.63,0,12,7/2/1994,7
729,-6.7,-0.8,75.2,27.37,27.56,0,12,8/26/1996,8
730,-5.3,-2.2,82,27.91,28.78,0,12,7/24/1992,7
731,-7.4,-0.9,80.6,26.53,26.89,1,12,8/30/1995,8
732,-2.7,-3.9,86.6,27.36,27.47,0,12,5/2/1998,5
733,-6.5,1.2,78,29.02,28.83,0,12,8/1/1993,8
734,-4.2,0.6,76.7,28.18,28.53,0,12,7/10/1994,7
735,-2.4,-0.8,72.6,26.93,28.13,0,12,7/14/1995,7
736,-4.8,-0.5,88.7,28.07,28.1,0,12,5/27/1998,5
737,-1.1,-1.6,71.9,27.83,28.99,0,12,7/4/1992,7
738,-0.6,0.8,77.7,27.83,29.08,0,12,7/8/1992,7
739,-4.3,-1.9,82.6,26.33,26.81,1,12,4/7/1996,4
740,-4.6,-1,83,26.57,27.12,1,12,8/23/1995,8
741,-6,-1.9,71.7,29.15,29.49,0,12,8/30/1994,8
742,-5.7,1.1,75.8,26.33,26.81,1,12,11/1/1995,11
743,-5.8,-3.6,75.1,28.9,29.16,0,12,9/13/1993,9
744,-7.7,-1.5,77.8,26.77,27.17,1,12,8/28/1995,8
745,-4.6,-0.2,82.2,28.86,29.1,0,12,6/1/1993,6
746,-5.9,-0.7,82.4,26.77,26.7,1,12,1/20/1994,1
747,-5,-5.9,83.1,28.57,28.71,0,12,2/11/1995,2
748,-4.3,1.1,75.6,28.57,29.25,0,12,9/19/1994,9
749,-6.2,1.4,86.1,27.24,26.84,1,12,4/1/1994,4
750,-4.1,0.3,79.6,28.38,28.92,0,12,1/30/1995,1
751,0.9,1.6,77.3,28.54,29.36,0,12,3/20/1992,3
752,-3.7,-4.1,87.9,27.95,27.99,0,12,6/7/1998,6
753,-5.6,-1.1,76.8,26.49,26.86,1,12,12/23/1995,12
754,2.4,-1,83.6,27.72,29.61,0,12,9/7/1997,9
755,-4.2,-3.2,93.8,27.01,27.22,1,12,5/7/1998,5
756,-2.5,3.8,79.1,28.11,28.2,0,12,10/10/1993,10
757,-5.3,-2.7,83,27.08,27.37,0,12,4/30/1996,4
758,-2.3,1.5,83.6,28.07,28.27,0,12,5/15/1994,5
759,-4.8,-2.9,81.9,27.6,28.5,0,12,4/24/1998,4
760,-7.3,-1.8,77,25.61,25.77,1,12,2/18/1996,2
761,-6.1,-3.5,84.8,27.24,28.06,0,12,2/10/1993,2
762,0.1,0.7,83.4,27.91,28.18,0,12,3/17/1995,3
763,-4.2,2,75.4,28.22,28.56,0,12,7/11/1994,7
764,-7.8,-0.2,73.2,26.93,26.88,1,12,12/12/1996,12
765,-7,-1.2,74,27.6,28,0,12,1/14/1997,1
766,-2.7,-2.3,82.8,28.26,29.64,0,12,8/5/1997,8
767,-2.8,-0.6,87.9,27.36,28.15,0,12,4/9/1993,4
768,-4.2,-0.4,73,27.68,28.44,0,12,6/7/1995,6
769,-6.4,-2.3,80.2,26.97,27.27,0,12,9/22/1995,9
770,-9.3,-1.4,77,25.69,25.81,1,12,2/6/1996,2
771,-6.4,-0.5,74.8,26.89,27.49,0,12,10/26/1996,10
772,-3.5,0.6,74.2,26.68,28.26,0,12,10/27/1992,10
773,-6.7,-2.9,81,26.49,26.68,1,12,10/2/1995,10
774,-6.8,-1.8,81,27.76,27.91,0,12,3/25/1995,3
775,-4.4,0.7,77.4,27.36,28.2,0,12,7/24/1996,7
776,7.6,3.6,86.2,27.68,29.3,0,12,10/7/1997,10
777,3.7,-2.7,79.8,29.13,29.73,0,12,9/27/1997,9
778,1.4,1.5,75,26.37,27.53,0,12,11/24/1992,11
779,-7.3,-2.4,74,27.6,27.6,0,12,7/31/1996,7
780,-6.4,-3,72.8,27.09,27.9,0,12,11/26/1996,11
781,-1,-0.3,78.1,28.66,29.49,0,12,9/11/1997,9
782,-4.7,-1.6,75,27.36,28.1,0,12,5/16/1995,5
783,-3.6,1.2,67.9,27.05,27.64,0,12,10/7/1996,10
784,-5.7,0.9,84.4,28.03,27.79,0,12,5/10/1994,5
785,0.1,4.5,78.5,28.3,28.79,0,12,3/28/1992,3
786,-7.3,-0.1,78.6,27.32,27.66,0,12,7/9/1996,7
787,1.3,2.8,80.6,27.99,29.06,0,12,9/10/1997,9
788,-2.9,-5.1,91.6,26.94,29.58,0,12,1/19/1995,1
789,-7.8,0.4,73.8,27.24,27.57,0,12,8/2/1995,8
790,-5.9,0.9,80.6,25.97,26.45,1,12,11/17/1995,11
791,-3.4,1.2,78,28.42,28.7,0,12,7/12/1994,7
792,-1.2,-6.3,81.9,27.79,27.68,0,12,3/21/1998,3
793,-6,-1.7,85.7,27.99,28.12,0,12,6/5/1998,6
794,-4.5,0.3,73.9,28.74,29.22,0,12,9/10/1993,9
795,-1.7,3.2,76,27.87,28.11,0,12,12/6/1993,12
796,3.2,-2,86.2,27.95,29.35,0,12,1/11/1998,1
797,-7.1,-1.2,74.2,26.41,26.79,1,12,12/11/1995,12
798,-5,0.1,80,28.49,28.63,0,12,7/3/1994,7
799,3,-1.9,82.8,27.99,29.26,0,12,1/9/1998,1
800,-4.4,-1.3,82,28.26,28.63,0,12,6/15/1994,6
801,-7.1,-0.9,86.3,26.58,26.69,1,28,2/3/1993,2
802,-8.2,1.3,76.3,27.06,27.14,1,28,7/16/1996,7
803,-5.1,-4.2,88.1,26.86,27.11,1,28,3/29/1996,3
804,-5.2,-1.5,83.6,25.97,25.34,1,28,12/25/1989,12
805,-1.1,-3.3,86.4,27.75,29.19,0,28,3/15/1998,3
806,-7.7,-2,82.9,25.85,25.88,1,28,2/27/1997,2
807,-4,-3.7,76.3,27.41,27.93,0,28,4/11/1997,4
808,-2.6,-2.3,84.4,26.41,27.27,0,28,5/31/1998,5
809,2.1,-1.4,86.4,27.67,29.69,0,28,3/25/1998,3
810,-6.8,-2.2,80.7,26.26,26.55,1,28,5/17/1995,5
811,-6.7,1.2,80.3,26.13,25.68,1,28,12/29/1989,12
812,-5.9,0.2,94,24.74,25.1,1,28,8/28/1995,8
813,-5.4,-1.7,83.3,24.77,25.04,1,28,10/13/1996,10
814,-6.4,-0.7,87.2,24.64,24.41,1,28,12/29/1995,12
815,-0.9,-7,88.9,27.16,28.96,0,28,2/20/1998,2
816,-7.9,3.2,76.3,28.03,29.01,0,28,7/3/1997,7
817,-7.6,-1.1,72.7,25.54,26.45,1,28,9/18/1996,9
818,-7.7,0.4,81.5,26.21,26.88,1,28,8/14/1994,8
819,-0.9,-1.6,83.2,27.31,28.38,0,28,2/1/1992,2
820,3.1,2,80.9,27.55,28.01,0,28,1/24/1992,1
821,-6.1,0.5,67.3,25.62,26.32,1,28,8/6/1996,8
822,-4.8,-1.3,84.4,25.66,25.99,1,28,12/15/1992,12
823,-4.1,0.6,66.5,28.11,28.83,0,28,7/12/1997,7
824,-4.6,-4.8,80.4,25.87,26.43,1,28,5/7/1995,5
825,-3.9,1.9,69.8,28.46,29.2,0,28,10/14/1997,10
826,-4.9,1.9,78.4,27.87,28.47,0,28,8/22/1997,8
827,-4.3,-0.6,78,26.79,27.11,0,28,3/19/1997,3
828,-7.2,0.9,80,26.13,26.73,1,28,8/8/1994,8
829,-7,0.4,81.2,26.33,26.76,1,28,11/14/1993,11
830,-6.9,1.6,72.1,27.07,27.58,0,28,12/4/1994,12
831,-5.2,1.3,76.7,27.83,29.1,0,28,10/12/1997,10
832,-6,-1.4,76.3,24.38,24.84,1,28,1/7/1997,1
833,-6.4,2.7,69.4,28.3,28.35,0,28,5/15/1997,5
834,-6,0.3,79.2,26.32,26.53,1,28,2/22/1997,2
835,-7,0.1,83.8,25.78,25.96,1,28,10/26/1993,10
836,-0.4,-0.3,85.5,28.22,29.34,0,28,4/11/1993,4
837,-6.6,-3,85.1,27.02,27.3,1,28,4/2/1996,4
838,-5.1,-0.6,81.6,28.72,29.06,0,28,5/7/1992,5
839,-3.2,1.2,87.3,26.29,26.46,1,28,3/3/1994,3
840,-5.4,-3,75.9,25.66,25.91,1,28,2/8/1997,2
841,-1,-5,81.1,28.58,29.82,0,28,1/17/1998,1
842,-6.8,-4.4,86.8,26.82,26.48,1,28,3/26/1996,3
843,-3.5,2.8,69,28.22,28.99,0,28,10/3/1997,10
844,-7.6,-2.8,84.1,24.34,24.34,1,28,12/22/1996,12
845,-5.9,-2.5,92.7,23.78,23.76,1,28,11/1/1995,11
846,-7,-2.4,83.3,26.88,27.54,1,28,6/27/1994,6
847,-2.8,-3.3,86.7,24.66,25.51,1,28,11/4/1992,11
848,-1.6,-5,82.8,27.35,28.34,0,28,2/2/1992,2
849,-6.8,2.8,72.2,28.46,28.89,0,28,6/30/1997,6
850,-0.8,-3.6,82.3,28.66,29.92,0,28,2/1/1998,2
851,-2.5,-0.2,83.6,27.79,29.77,0,28,11/27/1997,11
852,-6.7,-2,89.5,26.46,26.79,1,28,7/20/1993,7
853,-6.7,-3.6,84,25.58,25.4,1,28,1/28/1993,1
854,-5.3,-2.8,92.3,23.9,24.31,1,28,10/31/1995,10
855,-5.8,-2,92.3,25.93,26.26,1,28,2/23/1996,2
856,-7.8,-1,79.5,26.25,26.51,1,28,8/1/1994,8
857,-6.3,-2.2,70.7,27.79,27.91,0,28,12/24/1991,12
858,-6.5,-1.7,78.2,26.8,27.35,0,28,3/12/1995,3
859,-7.7,-0.3,82.1,26.61,26.81,1,28,1/5/1995,1
860,-6,0.2,81,27.63,28.32,0,28,5/9/1994,5
861,-5.9,-5.2,86.3,26.38,26.55,1,28,7/25/1993,7
862,-5.6,-3,85.9,25.7,25.94,1,28,12/17/1992,12
863,-6.3,-2,80.8,26.67,26.87,1,28,3/14/1997,3
864,1.1,-6.1,90.2,26.49,28.81,0,28,2/21/1998,2
865,-8,0.5,73.2,26.57,26.76,1,28,7/10/1995,7
866,-7.5,1.9,78.8,26.21,26.8,1,28,10/20/1993,10
867,-7,-2.3,81.2,25.54,26.13,1,28,1/6/1994,1
868,-3.7,-2.5,80.5,28.6,29.12,0,28,4/2/1992,4
869,-7.7,0.6,87.6,26.47,26.38,1,28,2/27/1996,2
870,-3.7,-2.1,89.5,25.98,26.9,1,28,2/24/1993,2
871,-6.4,2.5,70.2,28.15,28.61,0,28,8/5/1997,8
872,-3.8,0.6,78.5,27.63,27.82,0,28,1/12/1992,1
873,-5.9,-0.7,78.9,25.98,26.04,1,28,11/18/1992,11
874,-4.8,0.1,78.9,27.75,27.92,0,28,12/22/1991,12
875,-3.4,-0.5,84,28.3,29.79,0,28,12/30/1997,12
876,0.3,0.2,86,28.19,29.55,0,28,3/24/1998,3
877,-7.3,0,79.7,28.64,28.58,0,28,2/12/1992,2
878,-5.9,-1.1,78.5,27.47,27.7,0,28,12/5/1991,12
879,-3.9,0.1,82.3,25.86,26.66,1,28,10/9/1994,10
880,-6.6,0.8,80.9,26.33,26.99,1,28,10/18/1993,10
881,-4.7,-0.5,84,25.66,26.41,1,28,9/27/1992,9
882,-7.3,-2,74.3,26.09,26.37,1,28,2/1/1997,2
883,-7.3,-1.1,75.8,26.17,26.12,1,28,1/12/1990,1
884,-4.8,-4.7,80.8,24.29,24.1,1,28,12/19/1995,12
885,-6.8,-0.2,69.4,28.34,28.8,0,28,7/28/1997,7
886,-4.9,2.1,67.8,28.22,29,0,28,6/18/1997,6
887,-6.1,-0.1,85.6,25.94,26.34,1,28,8/28/1994,8
888,-6.4,-1,81.9,26.33,26.05,1,28,1/31/1990,1
889,-9.1,-0.6,78.4,26.05,26.67,1,28,1/15/1994,1
890,-6.4,-2.1,84.6,24.72,25.7,1,28,10/26/1995,10
891,-5.6,0.9,85.2,26.61,27.2,1,28,6/22/1995,6
892,-7.9,3.2,71,28.46,28.98,0,28,7/15/1997,7
893,-6.8,2.4,82.5,27.99,28.35,0,28,5/14/1994,5
894,-5.5,0.4,75.5,27.99,28.4,0,28,8/16/1997,8
895,-6.8,1.1,73.5,27.11,27.57,0,28,12/3/1994,12
896,-1.6,-1,84.4,28.19,29.91,0,28,1/16/1998,1
897,-5.8,-0.6,85.9,24.68,24.48,1,28,12/31/1995,12
898,-4.7,1.9,80.4,25.9,26.85,1,28,9/27/1994,9
899,-6.5,-1.1,78.4,25.93,25.25,1,28,12/21/1989,12
900,-6.7,-0.8,90.6,25.19,24.96,1,28,1/28/1996,1
901,-6.6,-2.7,86.7,26.58,26.76,1,28,2/4/1993,2
902,-5.8,-1.9,78.7,25.7,25.36,1,28,12/20/1989,12
903,-4.1,-2.5,86.7,24.3,24.87,1,28,11/5/1992,11
904,-4.1,-1.5,82.1,26.37,27.54,0,28,2/20/1995,2
905,-6.9,0.2,85.9,25.26,25.7,1,28,10/23/1995,10
906,-5.4,-3,81.6,27.38,27.85,0,28,7/2/1993,7
907,-1,-2.5,80.7,28.94,30.16,0,28,2/4/1998,2
908,-2.8,-3.3,84.4,27.79,29.24,0,28,1/20/1998,1
909,-6.4,-2.6,83.3,25,24.98,1,28,9/6/1996,9
910,-6,3.5,72.2,28.3,28.61,0,28,9/10/1997,9
911,-3.8,-1.8,84.1,24.38,24.62,1,28,11/18/1996,11
912,3.1,-1.5,94.3,25.69,28.35,0,28,2/16/1998,2
913,-1.4,-4.7,85.6,28.38,29.58,0,28,4/1/1998,4
914,-3.6,1.5,70.6,28.34,28.9,0,28,7/24/1997,7
915,-5.5,-4.7,84,26.66,26.99,1,28,3/8/1993,3
916,-8.1,1.9,74.3,28.69,28.93,0,28,7/19/1997,7
917,-6.9,-1,80.5,29.12,29.09,0,28,4/19/1992,4
918,-7.2,2.2,85.2,26.17,26.78,1,28,2/11/1994,2
919,-5.8,1.6,80.2,26.13,26.54,1,28,8/4/1994,8
920,-6.1,1.2,84.6,24.81,25.17,1,28,8/20/1995,8
921,-4.2,1.8,82.2,26.25,26.69,1,28,11/22/1993,11
922,-0.6,1.5,75.8,28.64,29.16,0,28,3/29/1992,3
923,-5.7,-1.2,89.2,26.45,25.9,1,28,2/11/1990,2
924,-2.2,-2.6,80.9,28.68,28.94,0,28,3/21/1992,3
925,-5.7,-1.1,90.2,27.39,29.72,0,28,12/31/1997,12
926,-5.4,-1.1,75.5,25.78,25.97,1,28,2/9/1997,2
927,-5.5,2,75.1,27.95,28.06,0,28,5/28/1997,5
928,-5.2,-1.7,95.7,23.55,23.42,1,28,12/9/1995,12
929,-7.2,-1.5,83.7,27.83,28.33,0,28,5/7/1994,5
930,-6.4,-0.7,88.9,26.28,26.23,1,28,2/22/1996,2
931,-5.4,-1.3,87.7,26.06,26.24,1,28,6/28/1995,6
932,-6.3,0.2,89.3,25.77,25.42,1,28,2/2/1996,2
933,-7.3,-1.9,84.7,26.33,27.14,1,28,6/19/1995,6
934,-6.5,-1.6,89.7,24.74,24.98,1,28,8/26/1995,8
935,-4.1,-3.2,86.8,24.33,24.04,1,28,12/18/1995,12
936,-3.9,-0.4,79.6,27.32,28.3,0,28,4/24/1994,4
937,-4,-2.2,90.6,24.37,24.06,1,28,12/15/1995,12
938,-3.3,-2.4,78.9,25.66,26.22,1,28,11/20/1992,11
939,-7.6,-1,79.2,25.97,25.79,1,28,12/13/1989,12
940,-4,3.2,75.1,27.72,28.65,0,28,8/31/1997,8
941,-7.8,-1.7,89.3,25.19,25.3,1,28,9/24/1995,9
942,-4.3,-1,88.7,27.82,29.23,0,28,5/7/1993,5
943,-6,1.5,83.2,25.58,25.63,1,28,10/23/1993,10
944,-3.6,-1.4,78.4,25.12,25.74,1,28,8/15/1996,8
945,-6.1,-0.8,82.6,26.09,26.95,1,28,7/19/1994,7
946,-6.3,1,72.2,28.15,28.41,0,28,8/25/1997,8
947,-4.8,0,79.8,26.68,26.99,0,28,6/6/1995,6
948,-2.9,-0.1,75.5,27.27,27.99,0,28,4/15/1995,4
949,-5.6,-0.1,75.8,27.91,27.87,0,28,12/29/1991,12
950,-7.4,1.6,70.9,26.68,27.01,0,28,11/1/1994,11
951,-6.2,1.3,85.8,26.29,26.84,1,28,2/15/1995,2
952,-3.5,-3.8,82.8,26.1,26.55,1,28,5/29/1995,5
953,-6.5,-2.9,87,25.19,25.3,1,28,2/2/1994,2
954,-7.5,-0.5,75.5,25.39,26.38,1,28,9/19/1996,9
955,1.1,-4.5,81.5,28.9,30,0,28,2/6/1998,2
956,-3.3,-2.8,75.5,26.67,27.3,0,28,3/21/1997,3
957,-4.6,3.5,67.3,28.22,28.59,0,28,9/16/1997,9
958,-8.5,-3,80.7,26.53,27.64,1,28,7/5/1994,7
959,-9.3,0.5,89,26.29,26.92,1,28,2/17/1994,2
960,-6,-1.1,77.8,27.42,28.33,0,28,4/24/1995,4
961,-3.8,0.4,82.4,28.36,28.79,0,28,4/24/1992,4
962,-2.4,1.1,69.4,27.95,28.92,0,28,6/5/1997,6
963,-2.6,-2.1,93.1,25.06,25.09,1,28,6/15/1998,6
964,-5.2,0.2,79.5,26.84,27.4,0,28,3/27/1995,3
965,-6.3,0.2,86.3,25.66,25.16,1,28,11/14/1992,11
966,-8.5,-1.8,75.9,26.98,26.86,1,28,7/11/1996,7
967,-7,-0.2,80.4,26.01,25.48,1,28,12/18/1989,12
968,-9.1,-0.1,80.2,26.88,27.56,1,28,7/7/1994,7
969,-7.5,2.2,76.7,28.26,28.67,0,28,5/13/1997,5
970,-8.2,1.2,83.7,25.9,26.36,1,28,1/19/1994,1
971,-7.1,-2.2,85.5,26.1,25.99,1,28,1/1/1993,1
972,-4.7,-3.8,85.2,27.62,28.05,0,28,3/27/1993,3
973,-4.9,1.6,78.8,25.31,25.67,1,28,8/14/1996,8
974,-5.5,-3.2,89.8,24.58,24.35,1,28,11/11/1992,11
975,-6.3,3.3,73.9,28.57,28.94,0,28,10/1/1997,10
976,-6.1,-3.8,82,26.02,26.24,1,28,1/7/1993,1
977,-5.7,-2.2,84.1,26.25,26.08,1,28,2/2/1990,2
978,-7.4,2.7,75.5,28.49,28.95,0,28,7/18/1997,7
979,-8.8,-0.1,80.4,25.98,26.47,1,28,7/17/1995,7
980,-8.3,1.3,82.4,28.68,28.56,0,28,3/2/1992,3
981,-5.6,1.4,80.6,26.33,26.61,1,28,11/26/1993,11
982,-4.5,1.3,76.5,29.29,29.7,0,28,12/3/1997,12
983,-7.8,-2.3,80,26.61,26.85,1,28,2/12/1995,2
984,-3.3,1.6,77.6,27.41,28.01,0,28,5/21/1997,5
985,-6.7,0.5,78.1,26.37,26.19,1,28,1/2/1990,1
986,-5.7,-0.9,84.6,26.88,27.64,0,28,3/16/1994,3
987,-8.2,-1.6,75.5,26.16,26.11,1,28,2/16/1997,2
988,-4.4,-2,88.1,27.99,29.68,0,28,5/11/1998,5
989,-8.4,-1,80,26.57,26.65,1,28,1/27/1995,1
990,-5.6,-0.2,90.3,25.38,25.36,1,28,1/30/1994,1
991,-2.1,-0.6,86.3,27.38,27.77,0,28,3/20/1993,3
992,-2.2,-6.2,86.4,28.11,29.09,0,28,2/26/1998,2
993,-6.7,0.9,81.4,26.57,26.72,1,28,1/29/1995,1
994,-4.5,-1,80,26.55,26.89,1,28,7/2/1996,7
995,-7,-0.7,73.4,27.99,27.89,0,28,12/25/1991,12
996,-4.2,-1.1,79.7,25.94,26.83,1,28,5/3/1995,5
997,-3,-1.6,85.9,26.22,26.86,1,28,2/25/1993,2
998,-7.4,-0.3,85.4,25.74,26.3,1,28,2/25/1994,2
999,-5.8,-1,76.6,26.96,27.39,0,28,11/29/1994,11
1000,-5.6,-3,76,26.33,27,1,28,11/8/1994,11
1001,-6.7,2.5,82,24.18,24.26,1,46,9/9/1993,9
1002,-4.9,2.4,79.7,24.7,25.03,1,46,8/7/1992,8
1003,-6.7,3.3,86.6,25.73,25.74,1,46,2/25/1997,2
1004,-4.7,3.8,85,24.42,24.07,1,46,12/8/1993,12
1005,-5.8,1.8,69.1,26.01,26.81,1,46,7/28/1997,7
1006,-4.3,4.7,80.5,27.36,27.19,0,46,5/25/1998,5
1007,-5.2,-0.2,75.6,24.89,25.32,1,46,6/27/1995,6
1008,-6.4,4.2,80.5,24.19,24.19,1,46,9/16/1992,9
1009,-7.6,2,80.1,25.2,25.04,1,46,8/15/1991,8
1010,-6.3,-0.4,81.3,24.78,24.68,1,46,1/16/1993,1
1011,-6.4,2.5,84.1,24.32,24.75,1,46,12/14/1994,12
1012,-4.7,1.4,77,25.12,25.15,1,46,8/6/1991,8
1013,-7.8,2.1,86.1,25.24,25.23,1,46,1/11/1995,1
1014,-7.5,1.6,85.3,25.63,25.59,1,46,5/30/1996,5
1015,-6.9,2,76.8,23.55,23.62,1,46,9/17/1994,9
1016,-5.7,4.9,82.5,26.81,27.28,1,46,12/15/1997,12
1017,-7.2,-0.3,81.2,24.99,25.51,1,46,7/3/1996,7
1018,-7,0.1,88.3,26.31,27.55,1,46,3/31/1995,3
1019,-7.8,2.3,81.5,23.66,24.48,1,46,8/30/1994,8
1020,-4.6,1.8,85.1,22.51,22.99,1,46,11/19/1996,11
1021,-6,4.3,79.3,24.19,24.08,1,46,9/11/1992,9
1022,-7.6,-0.1,82.8,24.56,24.48,1,46,7/21/1996,7
1023,-4,2.2,80,25.07,25.36,1,46,1/17/1994,1
1024,-4.9,4,83.5,25.68,25.81,1,46,2/3/1994,2
1025,-5.5,4.2,79.2,27.37,27.6,0,46,4/11/1995,4
1026,-6.2,1,79.3,26.57,26.48,1,46,6/10/1991,6
1027,-4.7,3,80.4,26.66,26.84,1,46,5/16/1995,5
1028,-5.7,1.9,72.4,26.58,26.91,0,46,5/10/1995,5
1029,-4.9,4.1,77.6,26.9,27.47,0,46,3/6/1995,3
1030,-6.8,3.5,77.2,27.05,27.4,0,46,3/5/1995,3
1031,-8.1,1.4,79.2,23.89,23.56,1,46,8/17/1994,8
1032,-6.8,1.6,74.6,24.28,24.6,1,46,11/29/1994,11
1033,-5.5,1.7,78.6,24.3,24.19,1,46,10/9/1993,10
1034,-6.3,2.5,80.9,23.02,24.01,1,46,11/26/1996,11
1035,-3.3,3.1,86.6,27.28,28.43,0,46,2/26/1998,2
1036,-6.4,3.5,74.8,27.05,27.66,0,46,3/19/1995,3
1037,-4.9,1.2,85.2,27.09,27.46,0,46,3/20/1993,3
1038,-7.7,4.1,76.1,26.38,26.87,1,46,10/25/1997,10
1039,-5.4,0.4,79,23.17,24.16,1,46,1/6/1997,1
1040,-5,2,83.7,24.02,23.96,1,46,9/29/1993,9
1041,-7.5,0.5,79.7,26.61,26.62,1,46,6/19/1991,6
1042,-6.2,2.5,79.3,24.11,23.67,1,46,9/29/1991,9
1043,-6.5,3.8,79.5,27.53,27.38,0,46,5/23/1993,5
1044,-3.8,1.9,86.6,28.14,28.94,0,46,2/18/1998,2
1045,-6,2.6,76.2,24.07,24.44,1,46,9/21/1992,9
1046,-7.2,2.3,82.1,25.24,25.25,1,46,1/12/1995,1
1047,-4.5,2.6,86.3,24.84,25.79,1,46,2/17/1997,2
1048,-6.7,0.6,77.7,26.45,26.63,1,46,6/24/1991,6
1049,-7.7,2.8,86.7,26.78,27.54,1,46,3/28/1995,3
1050,-5.7,0.7,79.3,28,28.04,0,46,5/1/1992,5
1051,-6.2,2.2,77.9,26.65,26.72,1,46,6/15/1993,6
1052,-6,5.6,82,23.87,24.24,1,46,9/4/1995,9
1053,-5.7,1.9,83.9,26.7,27.65,1,46,3/26/1995,3
1054,-6.5,1.6,77.6,26.7,27.08,1,46,4/22/1995,4
1055,-4.1,0.4,81.3,23.68,23.55,1,46,9/18/1991,9
1056,-5.4,2.1,76.2,25.86,25.98,1,46,1/22/1992,1
1057,-5.9,-1,77,26.57,26.85,1,46,5/24/1991,5
1058,-6.2,1.4,82.4,24.97,25.78,1,46,6/23/1995,6
1059,-7.6,0,86.7,24.3,23.87,1,46,9/2/1991,9
1060,-5.7,3.3,78.5,24.07,24.58,1,46,10/22/1992,10
1061,-7.7,2.6,80.6,23.55,23.7,1,46,9/9/1994,9
1062,-4.8,2.6,76.9,25.19,25.29,1,46,1/16/1994,1
1063,-6.1,0.4,78.7,25.39,25.47,1,46,1/20/1994,1
1064,-6.8,3.7,72.3,23.96,24.26,1,46,10/28/1992,10
1065,-7.6,2.8,82,27.92,27.94,0,46,4/23/1992,4
1066,-5,2.6,78.5,23.96,24.12,1,46,12/3/1992,12
1067,-9.4,2.9,80.9,26.9,27.26,1,46,6/4/1992,6
1068,-4.3,3.2,85.4,26.09,27.71,1,46,4/26/1997,4
1069,-7.2,1.3,75.6,25.43,25.84,1,46,7/30/1993,7
1070,-7.7,2.5,79,26.89,26.56,1,46,5/3/1994,5
1071,-6.9,4.2,89.8,27.48,28.52,0,46,2/13/1998,2
1072,-7.1,-0.6,80.8,26.74,26.59,1,46,5/20/1994,5
1073,-7,1.9,81.8,24.28,24.43,1,46,10/25/1994,10
1074,-8.4,4,75.1,26.41,26.87,1,46,7/8/1997,7
1075,-5.6,1.9,83.6,25.2,25.44,1,46,1/19/1995,1
1076,-7.8,1.5,77,23.89,24,1,46,10/9/1994,10
1077,-4.5,5.8,75.7,27.36,28.06,0,46,1/15/1998,1
1078,-5.8,3.7,78.3,26.77,26.93,1,46,6/10/1993,6
1079,-7.2,3.4,77.3,26.15,26.89,1,46,10/18/1997,10
1080,-6.5,4.8,74.6,27.53,27.77,0,46,5/18/1992,5
1081,-4.6,3.3,79.3,27.9,28.62,0,46,2/11/1998,2
1082,-7.7,2.8,78.8,27.21,27.55,0,46,3/18/1995,3
1083,-7.5,2.8,78.4,27.13,27.45,0,46,3/13/1995,3
1084,-3.4,1.6,82.8,28.02,28.57,0,46,4/3/1993,4
1085,-5.1,0.4,77.6,24.86,25.4,1,46,6/26/1995,6
1086,-7.2,0.1,80.1,24.19,23.86,1,46,10/3/1991,10
1087,-5.2,0.6,87.5,26.43,26.83,1,46,2/20/1993,2
1088,-4.6,1.6,87.8,27.9,28.87,0,46,4/13/1998,4
1089,-6.8,1.3,80.5,28.12,28.05,0,46,5/2/1992,5
1090,-5.2,3.6,80.1,26.56,26.87,1,46,6/11/1993,6
1091,-6.5,0.6,80.1,24.5,24.66,1,46,10/21/1991,10
1092,-6.4,0.4,82.8,24.07,23.94,1,46,9/2/1992,9
1093,-3.4,-2.2,89.4,28.22,28.83,0,46,3/23/1998,3
1094,-6,3.3,79.7,24.38,23.93,1,46,8/31/1991,8
1095,-3.7,3.5,78.5,27.87,28.53,0,46,2/10/1998,2
1096,-5.1,1.2,94.5,25.76,27.21,1,46,3/14/1993,3
1097,-7.4,2.6,90.5,26.39,26.52,1,46,2/15/1995,2
1098,-6.9,0.5,80.1,24.77,24.75,1,46,11/19/1991,11
1099,-6.3,5.2,77.7,26.27,26.75,1,46,9/13/1997,9
1100,-1.5,-3.8,88.2,26.04,26.57,1,46,5/7/1994,5
1101,-6.7,1.4,81.2,25.19,25.59,1,46,7/31/1993,7
1102,-7.7,0.3,75.1,24.39,24.44,1,46,10/28/1994,10
1103,-6.5,2.7,79,23.02,23.62,1,46,10/30/1996,10
1104,-5.4,1.7,78.3,26.49,27.01,1,46,6/12/1997,6
1105,-7.3,2.3,78.5,24.74,25.04,1,46,8/16/1992,8
1106,-5.5,-0.5,83.6,23.96,24.18,1,46,12/14/1992,12
1107,-6.9,3.5,84,25.45,25.24,1,46,6/27/1992,6
1108,-6.2,3.3,78.1,23.59,23.94,1,46,9/7/1994,9
1109,-8.6,2.2,78.1,25.75,25.55,1,46,7/19/1991,7
1110,-4.7,1.4,86.5,25.15,25.32,1,46,6/6/1996,6
1111,-6.2,2.6,78.4,26.7,27.01,1,46,5/13/1995,5
1112,-6.7,2.8,76.4,24.35,24.65,1,46,11/2/1994,11
1113,-6,0.3,88.1,24.47,24.76,1,46,7/13/1994,7
1114,-4.6,3.2,80.7,24.34,24.16,1,46,10/8/1993,10
1115,-6.2,3.5,80.9,27.23,27.3,0,46,4/17/1991,4
1116,-6.3,3.7,78.5,26.93,27.19,1,46,12/10/1997,12
1117,-4.8,1.3,81,23.7,23.42,1,46,9/27/1994,9
1118,-3.7,0.5,85.5,23.94,24.67,1,46,9/1/1993,9
1119,-0.9,0.2,77.6,28.06,28.39,0,46,3/27/1993,3
1120,-4.8,5.2,84.1,27.59,28.23,0,46,1/25/1998,1
1121,-8.2,2.9,79.7,27.06,27.24,1,46,6/5/1992,6
1122,-7.7,0.4,82.8,25.4,25.57,1,46,7/22/1991,7
1123,-7.7,3.5,78.3,27.24,27.65,0,46,5/16/1997,5
1124,-6.4,1.5,80.7,24.18,24.49,1,46,9/8/1993,9
1125,-3.5,-0.3,81.6,27.14,27.63,0,46,3/8/1993,3
1126,-8.3,1.7,82,25.12,25.01,1,46,8/14/1991,8
1127,-5.3,-1.6,82.8,23.84,23.73,1,46,12/25/1992,12
1128,-5.8,2.2,74.2,25.08,24.98,1,46,11/27/1991,11
1129,-5,1.4,80.5,24.54,24.5,1,46,1/12/1993,1
1130,-5.3,0.6,87.5,25.91,27.5,1,46,3/23/1995,3
1131,-5.5,1.8,78.6,24.38,23.9,1,46,12/14/1993,12
1132,-6.4,2.9,77.1,26.49,26.95,1,46,6/22/1997,6
1133,-5.3,4.5,80.8,25.11,25.27,1,46,1/14/1994,1
1134,-5,-0.8,81.6,22.97,22.76,1,46,9/29/1992,9
1135,-6.8,1.1,83.6,25.4,25.4,1,46,7/24/1991,7
1136,-5.5,0.2,73.8,26.49,26.89,0,46,5/22/1991,5
1137,-6.3,2.7,86.1,24.4,24.42,1,46,7/23/1996,7
1138,-6.6,-0.5,81.6,25.59,25.35,1,46,12/21/1991,12
1139,-5.6,3.8,83.7,25.81,25.97,1,46,6/13/1994,6
1140,-7.1,0.9,77.7,23.92,23.76,1,46,11/20/1992,11
1141,-6.6,1.9,87.3,26.24,26.2,1,46,2/14/1994,2
1142,-4.3,3.9,75.8,26.65,26.73,0,46,5/29/1991,5
1143,-5.4,3,84.8,22.78,23.58,1,46,10/21/1996,10
1144,-8.1,0.6,75.8,24.34,24.21,1,46,9/11/1991,9
1145,-5.3,3.7,78.9,25.27,25.07,1,46,8/2/1993,8
1146,-6.8,3.3,81.6,26.5,26.8,1,46,2/25/1995,2
1147,-6.4,4.1,78.6,24.24,24.62,1,46,12/1/1994,12
1148,-8,0.7,80.9,24.42,24.38,1,46,10/14/1991,10
1149,-6.8,2.9,76.9,23.51,23.77,1,46,9/11/1994,9
1150,-5.5,3.5,84,23.99,23.12,1,46,8/23/1992,8
1151,-5.2,3.1,85.6,26.32,26.21,1,46,2/11/1994,2
1152,-5.7,4.3,74.2,24.91,25.06,1,46,10/26/1993,10
1153,-3.7,4.2,82.2,27.09,27.66,0,46,5/17/1993,5
1154,-4.6,1.3,90,26,26.6,1,46,2/27/1994,2
1155,-6.7,2.2,85,25.16,25.41,1,46,1/18/1995,1
1156,-6.8,1.2,81.9,25.01,25.02,1,46,7/3/1994,7
1157,-6.9,-0.4,77.5,26.65,26.97,1,46,6/10/1997,6
1158,-5.8,2.5,78.1,24.07,24.14,1,46,9/14/1992,9
1159,-5.4,3,83.2,27.49,27.59,0,46,4/21/1993,4
1160,-7.7,4.6,73.4,26.12,26.22,1,46,7/10/1992,7
1161,-6.4,2.4,80.9,23.88,24.23,1,46,10/30/1992,10
1162,-7.9,0.6,86.1,25.31,25.2,1,46,6/20/1996,6
1163,-5.8,2.2,83.2,22.67,23.76,1,46,10/17/1996,10
1164,-7.2,2.4,78.5,24.5,24.4,1,46,11/4/1991,11
1165,-6.7,-0.8,85.3,25.11,25.43,1,46,6/22/1996,6
1166,-6.8,2.1,80.8,24.3,24.29,1,46,9/14/1993,9
1167,-4.8,0.6,80.1,23.37,23.53,1,46,11/14/1992,11
1168,-3.9,-0.4,72,25.72,26.56,1,46,6/12/1995,6
1169,-6.9,3.2,85.7,23.89,23.71,1,46,8/3/1994,8
1170,-5.8,3.6,79.9,27.2,27.75,0,46,5/3/1997,5
1171,-5.1,6,82.3,25.63,25.51,1,46,1/21/1994,1
1172,-9.1,3.5,80.7,26.13,26.91,1,46,7/2/1997,7
1173,-7.4,3.8,81.9,24.47,24.75,1,46,12/12/1994,12
1174,-7.9,1,74.7,26.37,26.97,1,46,8/4/1997,8
1175,-0.9,2.7,78,27.66,28.17,0,46,3/23/1993,3
1176,-4.7,2.5,81.6,24.66,24.88,1,46,1/8/1993,1
1177,-8.4,-0.7,78.7,26.65,26.99,1,46,6/20/1997,6
1178,-6,1.1,80.9,24.34,24.4,1,46,11/1/1991,11
1179,-1.4,3.5,76.5,27.71,28.65,0,46,2/6/1998,2
1180,-8.2,2.3,77.3,25.71,25.59,1,46,7/20/1991,7
1181,-5,1.8,80.9,24.47,24.82,1,46,1/9/1993,1
1182,-7.3,0.7,76.1,24.39,24.65,1,46,11/5/1994,11
1183,-4.8,1.4,80.5,25.76,25.95,1,46,7/13/1993,7
1184,-7.1,1.8,77.9,24.79,24.97,1,46,10/21/1993,10
1185,-4.6,1.3,80.5,25.84,26.13,1,46,2/11/1993,2
1186,-5.9,3,76.7,26.65,27.13,1,46,5/29/1997,5
1187,-3.3,3.5,81.7,27.4,28.5,0,46,2/9/1998,2
1188,-5.7,-0.2,83.6,22.36,23.07,1,46,11/13/1996,11
1189,-7,2.5,79.3,26.98,27.07,1,46,6/8/1992,6
1190,-7.2,2.4,79.4,22.9,23.7,1,46,10/31/1996,10
1191,-6.3,1.2,82.1,28.8,28.95,0,46,4/15/1998,4
1192,-5.1,0.8,83.1,26.58,26.38,1,46,5/11/1994,5
1193,-6.7,1.7,77.2,26.5,26.7,1,46,5/31/1995,5
1194,-7.4,2.2,81.6,27.27,27.18,1,46,5/3/1991,5
1195,-7.3,2.4,78.3,26.09,26.77,1,46,7/20/1997,7
1196,-5.9,4.7,87.4,27.12,28.11,0,46,1/10/1998,1
1197,-7,3,81.6,24.51,24.75,1,46,12/13/1994,12
1198,-5,3.3,86.7,23.17,22.9,1,46,8/20/1995,8
1199,-6.7,3.1,73.1,26.21,26.97,1,46,8/9/1997,8
1200,-6.8,2.5,76.2,26.53,26.76,1,46,6/25/1991,6
1201,-3.5,-2.2,86.8,26.93,28.38,0,49,5/31/1995,5
1202,2.5,-1.1,81.6,28.69,29.91,0,49,4/13/1993,4
1203,-7.1,-2.5,73.7,26.69,27.57,0,49,12/29/1995,12
1204,-3.8,-0.5,71.1,27.89,28.7,0,49,10/18/1991,10
1205,-2.4,-1.4,76.2,27.65,28.6,0,49,9/29/1991,9
1206,1.5,-0.2,86,26.78,29.19,0,49,2/19/1998,2
1207,4.2,-0.9,80.5,28.48,29.2,0,49,2/6/1998,2
1208,-3.7,-3.7,82.3,26.85,27.21,0,49,11/29/1996,11
1209,2.9,-1.5,85.6,27.65,29.31,0,49,3/27/1998,3
1210,-0.6,-2.4,78.5,27.89,29.38,0,49,12/21/1991,12
1211,-4.3,-1.8,80.1,29.11,29.89,0,49,12/17/1997,12
1212,-6.1,-2.3,81.8,26.35,27.76,1,49,10/6/1995,10
1213,-6.9,2.1,81.1,28.55,28.74,0,49,7/26/1997,7
1214,-4.4,-0.9,85.1,28.6,29.49,0,49,5/25/1998,5
1215,-4.9,-2.3,84.1,27.56,28.73,0,49,4/12/1995,4
1216,0.7,-0.9,77.3,27.89,29.09,0,49,6/23/1992,6
1217,-6.7,-0.8,86,26.27,27.2,1,49,9/17/1995,9
1218,-7,-0.1,80.3,28.83,28.85,0,49,5/16/1997,5
1219,-5.8,-1.4,77.5,26.66,27.95,0,49,7/29/1995,7
1220,-5.8,-5.8,81.6,28.57,28.93,0,49,1/23/1992,1
1221,-6.3,-3,81.3,28.49,29.29,0,49,6/29/1993,6
1222,-8.4,-0.5,80.2,27.48,28.41,0,49,7/6/1995,7
1223,4.4,-5.1,78.4,28.6,29.27,0,49,4/28/1998,4
1224,-3.5,-5.5,81,27.46,27.8,0,49,10/12/1996,10
1225,-4.4,-2.3,72.3,27.39,27.96,0,49,11/20/1992,11
1226,-4.6,-1,78.5,28.57,29.39,0,49,12/24/1991,12
1227,-7.1,0.9,78.9,27.58,27.77,0,49,8/24/1996,8
1228,-2.7,-3.6,78.1,28.8,29.56,0,49,6/17/1993,6
1229,-3.8,-2.4,76.6,27.94,28.61,0,49,9/10/1993,9
1230,-5.9,-6.2,76.2,27.2,27.8,0,49,12/22/1996,12
1231,2,1.3,77.3,29.05,29.55,0,49,3/23/1992,3
1232,-5.2,-3,78.5,27.04,27.47,0,49,9/16/1996,9
1233,-1.4,-4.9,71.9,27.78,28.62,0,49,10/26/1993,10
1234,-7.4,-0.9,80.9,28.37,28.74,0,49,7/24/1993,7
1235,-3.8,-1.1,73,28.01,29.08,0,49,7/10/1992,7
1236,-2.7,0.2,81.5,28.59,29.4,0,49,6/17/1997,6
1237,2,-2.5,78.9,28.57,29.23,0,49,1/29/1992,1
1238,-4.9,-2.8,62.6,27.25,28.06,0,49,3/4/1994,3
1239,-3.1,-2.6,77.3,26.89,27.81,0,49,11/14/1996,11
1240,-3.7,-1.4,78.1,27.77,28.86,0,49,10/6/1991,10
1241,-5.6,-2.5,79.3,28.18,29.11,0,49,7/6/1993,7
1242,-0.2,-3.7,70.8,27.73,29.35,0,49,6/14/1998,6
1243,-5.4,-1.5,76,27.76,28.13,0,49,1/26/1994,1
1244,-4.8,-2.4,71.3,28.19,28.37,0,49,4/2/1994,4
1245,-6.8,-0.2,80.1,28.93,29.28,0,49,6/9/1992,6
1246,-4.5,-0.9,67.2,27.76,28.69,0,49,11/25/1993,11
1247,-4.6,-3.7,79.7,27.75,28.02,0,49,1/3/1993,1
1248,-8.2,-0.5,81.8,26.46,27.59,1,49,9/1/1995,9
1249,2.8,-1.9,83.4,27.49,29.31,0,49,2/23/1998,2
1250,-0.8,0.6,86,28.4,29.17,0,49,2/3/1998,2
1251,-5.5,-1.2,74.5,28.35,28.73,0,49,6/25/1994,6
1252,-5,-4.7,76.3,25.72,26.52,1,49,10/22/1995,10
1253,-4.6,0,73.1,28.35,28.33,0,49,3/25/1994,3
1254,-5.4,-2.1,77.3,28.07,28.36,0,49,4/12/1994,4
1255,-5.8,-4.2,79.9,27.12,27.34,0,49,1/24/1997,1
1256,-3.9,-3.2,80.9,27.63,28.03,0,49,8/22/1992,8
1257,-5.5,-0.2,77,27.85,28.32,0,49,9/19/1991,9
1258,-4.8,-0.9,79.5,28.35,28.76,0,49,5/8/1997,5
1259,-0.9,-3.3,82.5,27.4,29.19,0,49,5/3/1995,5
1260,-5.8,-4.2,82.1,25.88,27.44,1,49,10/9/1995,10
1261,-6.7,-2.4,76.2,26.61,27.3,0,49,2/2/1996,2
1262,-5.7,-1.3,72.7,28.54,29.07,0,49,6/4/1994,6
1263,0.4,-0.4,74.8,27.64,28.61,0,49,4/16/1994,4
1264,-5.9,-2,75.8,28.33,28.51,0,49,10/24/1991,10
1265,-6,-2.4,79.3,27.71,28.03,0,49,1/1/1993,1
1266,-7.8,-1.4,82.4,28.43,29.05,0,49,7/12/1997,7
1267,0.6,2.8,88.1,27.29,29.33,0,49,5/22/1998,5
1268,-5.5,-4.5,81,27.79,28.88,0,49,12/30/1994,12
1269,-4.9,-2,74.4,27.17,28.51,0,49,10/23/1994,10
1270,-5.6,-3.8,80.2,27.19,27.52,0,49,9/2/1996,9
1271,-6.7,-0.8,77,28.79,29.09,0,49,6/19/1997,6
1272,-8,-2.5,76.8,27.58,27.7,0,49,8/22/1996,8
1273,-1.6,0.5,69.5,29.27,30.23,0,49,12/27/1997,12
1274,-4.3,-4.9,77.1,27.44,28.97,0,49,1/20/1995,1
1275,-6.2,-1.1,87.1,26.8,27.71,1,49,3/26/1996,3
1276,-4.4,-2.7,77.7,27.9,28.53,0,49,9/28/1993,9
1277,-5.5,-0.2,79.7,27.59,27.69,0,49,9/19/1992,9
1278,-6.6,0.2,75.6,27.42,27.77,0,49,10/23/1996,10
1279,-6.5,-0.6,76.6,27.81,28.45,0,49,10/21/1991,10
1280,3.2,-5.9,78.5,27.55,28.11,0,49,1/11/1993,1
1281,1.3,-1.1,80.1,27.27,28.46,0,49,11/5/1992,11
1282,-5,-0.9,77.7,28.73,29.28,0,49,6/11/1992,6
1283,-6.8,-1.6,77.6,27.84,28.21,0,49,1/22/1994,1
1284,-6.5,-1.9,76.7,27.95,29.26,0,49,12/6/1994,12
1285,-4.6,-2.6,75.4,28.05,28.47,0,49,7/31/1992,7
1286,-5.6,-2.8,70.8,26.26,27.6,0,49,1/3/1996,1
1287,-6.9,-2,75.4,27.84,27.73,0,49,2/19/1994,2
1288,-4.8,-1,73.2,28.62,29.22,0,49,5/16/1994,5
1289,-3.1,-5,76.2,27.43,27.83,0,49,11/30/1992,11
1290,-4.9,0,71.5,28.58,29.14,0,49,5/21/1994,5
1291,-5.8,-3.2,81.4,25.95,27.44,1,49,9/24/1995,9
1292,-7.8,-1.9,75,27.98,27.63,0,49,8/31/1992,8
1293,-5.7,0.9,86,27.89,29.5,0,49,6/2/1998,6
1294,-5,-0.8,83.9,28.52,29.58,0,49,5/11/1998,5
1295,-4.3,-0.2,73,28.17,28.7,0,49,10/29/1991,10
1296,-5.2,-0.2,85.6,25.56,26.65,1,49,10/18/1995,10
1297,-3.7,-0.3,77,29,29.77,0,49,5/23/1993,5
1298,-6.2,-1.1,88,26.46,27.7,1,49,3/21/1996,3
1299,-5.8,-0.6,82.8,28.92,29.79,0,49,5/19/1993,5
1300,-5.5,0.1,73.3,28.62,28.83,0,49,6/18/1994,6
1301,-6.8,-2,76.3,27.21,28.46,0,49,10/20/1994,10
1302,-6.2,-2.2,74.6,28.22,28.56,0,49,10/14/1993,10
1303,-6.8,1.3,79.3,28.09,28.23,0,49,8/28/1991,8
1304,5.6,-5.1,88.1,26.9,29.19,0,49,3/17/1998,3
1305,-4.6,-3.2,82.1,27.21,28.69,0,49,5/22/1995,5
1306,-0.7,-2.8,82.9,27.09,29.36,0,49,2/23/1995,2
1307,-2.1,-3.9,77.5,27.17,28.84,0,49,2/2/1995,2
1308,-3.6,-2.4,74.4,27.09,29,0,49,11/10/1994,11
1309,-4.1,-3.7,84.5,27.44,28.85,0,49,5/16/1995,5
1310,-5.2,0.8,79,26.19,26.87,1,49,10/29/1995,10
1311,-1.9,-2.6,75.6,26.5,27.48,0,49,11/12/1996,11
1312,-2.6,-5.4,75.3,27.76,28.63,0,49,11/6/1993,11
1313,-3.1,-3.6,73,27.35,27.88,0,49,11/27/1992,11
1314,-0.9,-3.5,62.7,28.5,29.34,0,49,4/26/1994,4
1315,-4,-2.9,82.1,27.4,28.44,0,49,6/21/1995,6
1316,-5.2,-2,73.2,27.41,27.6,0,49,2/28/1994,2
1317,-7.2,0.3,75.8,28.53,29.03,0,49,7/15/1993,7
1318,-5.1,-4.6,82.8,27.75,28.01,0,49,3/12/1997,3
1319,-6.5,-1.7,74.4,27.87,29.21,0,49,12/5/1994,12
1320,-4.3,1.3,85.6,28.16,29.62,0,49,5/10/1998,5
1321,-4.7,-2,74.2,27.93,28.75,0,49,10/11/1991,10
1322,-6.4,-1.8,82.5,26.89,28.38,0,49,7/17/1995,7
1323,-5.6,-5.1,78.9,28.06,28.37,0,49,2/24/1993,2
1324,-4.8,1,80.2,27.21,28.58,0,49,6/6/1995,6
1325,-4.5,0.9,81.5,28.31,29.23,0,49,6/26/1997,6
1326,-4.3,0,76.6,29.43,29.87,0,49,4/29/1993,4
1327,0,2.7,79.3,28.05,29.77,0,49,1/16/1992,1
1328,1.8,-7.2,77,27.55,28.15,0,49,2/6/1993,2
1329,-5,-1.7,85.6,27.64,28.76,0,49,5/7/1995,5
1330,-7.3,-2.1,80.1,28.17,28.47,0,49,8/1/1991,8
1331,-3.1,-1.3,80.5,28.57,29.78,0,49,4/20/1993,4
1332,-7.6,-3.1,74.1,27.24,27.86,0,49,1/19/1997,1
1333,-9,-1.8,82.1,27.13,27.74,1,49,8/4/1995,8
1334,-3.2,1.5,80.9,28.36,29.35,0,49,5/5/1998,5
1335,-6.4,0.2,74.6,27.73,28.28,0,49,8/12/1992,8
1336,-2.8,-4.5,76.8,26.62,27.19,0,49,12/3/1996,12
1337,-7.3,-1.5,78.5,27.23,27.54,0,49,9/7/1996,9
1338,-1.5,-4,78.3,26.93,28.54,0,49,10/31/1994,10
1339,-4.3,-5.3,78.7,26.88,27.27,0,49,1/30/1997,1
1340,5,-3.9,81.6,27.97,29.06,0,49,12/4/1991,12
1341,-4.4,-3.5,72.2,27.99,28.44,0,49,12/4/1993,12
1342,-2.3,-2,71.9,27.69,28.7,0,49,10/13/1991,10
1343,-1.7,-6.8,75.4,27.71,28.06,0,49,11/26/1992,11
1344,-8.7,-0.6,76.4,27.62,27.89,0,49,10/10/1996,10
1345,-4.9,-3.2,84.5,27.25,28.53,0,49,2/16/1995,2
1346,-3.4,1.8,80.9,28.76,29.59,0,49,5/6/1998,5
1347,-8.7,-2.5,81.5,27.91,27.75,0,49,3/1/1997,3
1348,-6.9,-1,75.8,28.75,29.01,0,49,7/2/1997,7
1349,-1.6,-4.9,72.7,27.51,28.48,0,49,11/10/1992,11
1350,-0.6,-4,76.7,28.84,29.95,0,49,12/22/1997,12
1351,-6.4,-2.5,83.3,27.87,29.06,0,49,12/18/1994,12
1352,-3.2,-1.4,74.1,28.19,28.66,0,49,3/29/1994,3
1353,-2.3,0.1,77.7,28.29,28.99,0,49,4/2/1993,4
1354,0.8,-7.8,79.6,28.56,29.1,0,49,4/2/1998,4
1355,0.2,-6.5,82.4,27.93,28.85,0,49,1/27/1992,1
1356,-7.1,0.9,68.9,28.89,29.07,0,49,5/25/1994,5
1357,-7.4,-1.3,75.4,28.01,28.24,0,49,9/7/1991,9
1358,0.2,1.5,82.8,27.67,29.17,0,49,6/4/1997,6
1359,-7.2,-1.9,80.8,26.84,27.31,1,49,2/22/1996,2
1360,-8.9,-2.2,77.9,26.65,27.2,1,49,1/9/1996,1
1361,-7.6,-1.2,78.5,27.31,27.55,0,49,11/3/1996,11
1362,-4.2,-2.2,67.9,27.8,28.61,0,49,11/26/1993,11
1363,-5.6,-1.4,71.3,25.99,26.63,1,49,10/23/1995,10
1364,-4.6,-4.1,78.1,27.51,28.25,0,49,10/18/1992,10
1365,-2.8,-4,76.6,27.39,28.26,0,49,10/16/1992,10
1366,-5.6,0.1,80.5,28.93,29.98,0,49,4/30/1992,4
1367,4.6,1,78.9,28.41,29.53,0,49,3/19/1992,3
1368,4.2,-2.7,86.8,27.29,30.28,0,49,1/5/1998,1
1369,-4.3,-3.5,75.1,27.6,29.13,0,49,11/24/1994,11
1370,1.1,-3.3,78.8,28.16,29.72,0,49,11/20/1997,11
1371,-5.1,0.8,73,28.05,28.76,0,49,10/17/1991,10
1372,-3.1,-3.9,82.5,27.25,28.98,0,49,4/28/1995,4
1373,-6,-2.9,84.5,27.64,28.55,0,49,5/18/1995,5
1374,-3,-0.8,82.4,27.57,29.29,0,49,12/22/1991,12
1375,0.2,-1.5,69.6,28.31,28.89,0,49,7/20/1994,7
1376,-6.7,-1.6,80.1,28.65,29.27,0,49,6/17/1992,6
1377,-1,-1.8,70.7,28.19,28.99,0,49,7/19/1994,7
1378,-4.4,-0.6,80.1,29,29.82,0,49,5/9/1993,5
1379,-5,-2.2,77.1,27.95,29.23,0,49,11/29/1994,11
1380,-6.6,-3,82.5,26.74,27.93,0,49,8/27/1995,8
1381,-6.6,-0.2,79.9,28.51,28.93,0,49,7/17/1997,7
1382,-8.7,-1.7,86,27.56,28.86,0,49,1/28/1995,1
1383,-4.3,0.7,75.4,28.69,29.56,0,49,1/5/1992,1
1384,-2.9,-0.2,77.7,29,29.5,0,49,6/13/1993,6
1385,-3,4.4,80.7,28.15,29.14,0,49,6/6/1997,6
1386,-5.6,-5.4,72.7,28.19,28.64,0,49,12/9/1993,12
1387,-3.9,-2.1,67.7,29.01,29.71,0,49,4/23/1994,4
1388,-2.7,-1.5,85.3,27.01,28.84,0,49,2/20/1995,2
1389,-7.5,0.2,81.4,27.6,28.2,0,49,6/2/1995,6
1390,6.1,-3.2,81.3,28.53,28.87,0,49,1/26/1992,1
1391,-1.8,2.3,84.8,27.4,29.06,0,49,6/8/1997,6
1392,-3.6,-7.1,82.1,27.36,28.93,0,49,12/28/1994,12
1393,-6.7,-2.6,81.8,26.82,28.37,0,49,7/14/1995,7
1394,-5.8,-1.4,77.9,26.57,27.35,0,49,2/8/1996,2
1395,-5.6,-1.5,71.5,28.39,28.86,0,49,6/20/1994,6
1396,6.3,-1,83,28.04,30.03,0,49,1/10/1998,1
1397,-0.9,-4.4,76.4,26.85,27.68,0,49,11/15/1996,11
1398,-5.3,-1.2,84.1,27.6,28.85,0,49,4/30/1995,4
1399,-6.8,-1.2,81.3,26.53,26.57,1,49,2/11/1996,2
1400,-1,-2.6,74.8,26.81,27.77,0,49,11/16/1996,11
1401,-4.4,-5.4,81.4,28.15,28.52,0,43,5/23/1994,5
1402,-6.2,3.1,80.6,27.45,28.25,0,43,1/22/1994,1
1403,3.7,-3.7,80.7,28.19,29.29,0,43,10/6/1997,10
1404,-4,-4.3,71.1,28.1,29.08,0,43,12/13/1992,12
1405,-4.5,-3.9,82.2,27.57,28.87,0,43,1/2/1994,1
1406,-6,-2.8,91.7,26.67,27.09,1,43,3/17/1996,3
1407,2.2,4.8,83.9,26.98,29.12,0,43,10/9/1997,10
1408,-3.7,2.3,82.6,28.5,29.31,0,43,8/4/1993,8
1409,-7.7,0.6,85.3,27.06,29.24,0,43,12/3/1993,12
1410,-4.3,-2.2,84.4,27.11,28.56,0,43,2/19/1993,2
1411,5.8,-2.7,83.6,27.04,29.11,0,43,9/18/1997,9
1412,-4,-1.5,81.1,28.25,28.98,0,43,3/19/1995,3
1413,-7.4,3.8,88.5,26.71,27.27,1,43,1/20/1996,1
1414,-5.2,1,73.1,28.28,28.8,0,43,7/31/1996,7
1415,-4.6,-1,77.6,28.66,29.26,0,43,12/14/1993,12
1416,-5.8,3.4,81.1,28.27,29.35,0,43,8/13/1995,8
1417,-7.9,-3.7,86,27.21,28.28,0,43,4/8/1994,4
1418,-5.9,-1.7,84.3,28.23,28.97,0,43,6/5/1994,6
1419,-4.4,2.2,82.2,27.39,28.25,0,43,12/2/1995,12
1420,-4.1,-1,78.3,28.62,29.39,0,43,12/1/1993,12
1421,-8,-2.8,81.5,28.61,29.12,0,43,7/13/1997,7
1422,-3.8,0.2,83.2,26.63,28.35,0,43,3/27/1993,3
1423,-6.1,-1.7,80.3,28.23,29.14,0,43,5/22/1995,5
1424,-6.2,0.2,80.9,28.22,29.66,0,43,7/26/1992,7
1425,-8.1,-4,81.8,27.88,28.33,0,43,2/8/1998,2
1426,-4.4,-0.2,75.3,28.55,29.16,0,43,9/29/1997,9
1427,-6.2,-4.2,88,28.02,28.6,0,43,4/6/1995,4
1428,-7.8,3.7,88.5,26.71,27.65,1,43,1/8/1996,1
1429,-5.7,3.2,74.2,28.38,29.61,0,43,8/24/1992,8
1430,-6.6,0.9,78.1,28.26,29.11,0,43,1/2/1993,1
1431,4.2,-0.8,77.4,27.93,29.38,0,43,8/29/1997,8
1432,-0.6,0.4,79.3,27.23,28.42,0,43,2/4/1993,2
1433,-6.1,-2,82.8,27.98,29.15,0,43,1/9/1995,1
1434,-6.1,-6.6,81.3,27.42,28.11,0,43,4/14/1992,4
1435,3,3.3,81,28.25,29.03,0,43,9/22/1997,9
1436,-6.4,-1.3,86.2,27.63,28.29,0,43,6/19/1996,6
1437,-8.2,2,80.1,27.84,28.17,0,43,1/18/1994,1
1438,-3.3,-2.6,80.7,28.23,28.68,0,43,6/9/1994,6
1439,-1.3,-0.4,85.4,27.33,29.68,0,43,7/23/1994,7
1440,-2.9,1.7,90.9,27.19,28.44,0,43,5/31/1996,5
1441,-4.9,2.8,85,27.03,28.21,0,43,2/29/1996,2
1442,-6,-1.7,85.2,26.63,28.37,0,43,3/26/1993,3
1443,5.4,-0.9,87.9,26.09,29.11,0,43,8/16/1997,8
1444,-6.3,1.8,83.8,27.03,27.85,0,43,1/6/1996,1
1445,-3.8,0,85.8,27.71,29.16,0,43,5/18/1995,5
1446,-2.5,-2.2,83.2,27.23,28.1,0,43,3/30/1992,3
1447,-6.5,-2.8,78.5,27.78,28.21,0,43,4/19/1998,4
1448,-5.6,-1.2,84.6,28.11,28.74,0,43,7/12/1996,7
1449,-1.5,-2.2,81.4,27.77,29.65,0,43,10/3/1997,10
1450,-5.5,3.1,81.8,28.51,29.25,0,43,8/25/1995,8
1451,-4.2,0.2,87.4,27.67,28.38,0,43,6/9/1996,6
1452,-2.6,-3.2,80.8,27.37,28.31,0,43,3/18/1994,3
1453,-5,0,87.8,27.71,28.45,0,43,6/22/1996,6
1454,-3.6,1.2,73.8,28.02,29.5,0,43,8/27/1992,8
1455,1.3,1.8,79.9,27.84,29.07,0,43,8/10/1993,8
1456,-3.9,3.9,71.5,27.07,29.35,0,43,10/28/1992,10
1457,-6.2,-1.1,90.2,26.86,28.31,0,43,4/16/1993,4
1458,-2.9,-3.5,79.7,27.86,29.25,0,43,12/10/1992,12
1459,-0.1,1.5,76.2,28.55,29.38,0,43,11/12/1997,11
1460,-4,3.5,83,27.23,28.21,0,43,2/28/1996,2
1461,-6.3,-2.2,83.9,27.76,28.29,0,43,4/7/1994,4
1462,-6.1,-0.7,86.3,27.62,28.41,0,43,5/12/1992,5
1463,-5.3,0.6,91.3,26.47,27.33,1,43,12/25/1995,12
1464,-5.4,1.5,84.2,27.63,28.48,0,43,12/8/1995,12
1465,-4.8,-5.3,81,28.46,28.7,0,43,5/29/1993,5
1466,-1.5,2,74.5,29.18,29.57,0,43,11/22/1994,11
1467,-2.1,1,85.5,28.14,29.51,0,43,11/28/1992,11
1468,-3.9,-5.3,79.5,28.5,29.11,0,43,7/26/1993,7
1469,-6.9,-2.6,85.6,27.87,28.23,0,43,5/15/1998,5
1470,-6.1,-4.7,83.2,26.07,28.48,0,43,4/1/1993,4
1471,-0.2,-0.4,77.5,28.37,29.55,0,43,7/24/1994,7
1472,-0.9,-0.9,80.1,28.06,29.35,0,43,10/27/1992,10
1473,6.4,-0.6,80.4,28.38,28.9,0,43,10/11/1997,10
1474,-6.9,-3.5,84,27.21,28.92,0,43,12/23/1993,12
1475,-4.5,-0.9,83.2,28.06,28.57,0,43,2/14/1993,2
1476,-3.6,-2.8,89.7,27.71,28.11,0,43,5/11/1996,5
1477,-3.6,-1.7,81.3,26.79,28.73,0,43,6/5/1992,6
1478,2.6,-3.3,78.5,26.79,28.57,0,43,3/13/1992,3
1479,-5.3,-3.7,92.1,27.15,27.82,0,43,5/19/1996,5
1480,-5.5,-2.2,81.4,28.35,28.45,0,43,5/8/1993,5
1481,-6.4,-1.3,80.3,28.43,28.73,0,43,7/13/1996,7
1482,-7.1,-1.8,81.3,28.11,28.34,0,43,2/23/1994,2
1483,-3.3,3,78.9,27.82,29.19,0,43,10/2/1992,10
1484,-6.3,-6.1,79.3,27.78,28.37,0,43,5/7/1992,5
1485,-4.7,-3.3,79.2,28.21,28.77,0,43,3/17/1995,3
1486,-6.5,-0.8,90.5,27.23,27.76,1,43,12/21/1995,12
1487,-3.6,5.7,73,27.9,29.26,0,43,11/1/1992,11
1488,-0.6,4.3,80.1,27.94,29.5,0,43,9/29/1994,9
1489,0.8,-2.9,78.7,27.86,28.93,0,43,11/10/1997,11
1490,-3.9,-0.4,84.4,27.98,29.35,0,43,12/24/1992,12
1491,-7.4,-2.5,86.6,27.59,28.7,0,43,4/21/1995,4
1492,-5.3,-0.8,88.9,27.31,28.32,0,43,6/17/1996,6
1493,6.6,-2.1,87.9,25.57,29.28,0,43,8/15/1997,8
1494,-4,3.3,82.2,28.47,29.04,0,43,6/6/1995,6
1495,-0.4,1,81,27.75,29.36,0,43,10/10/1994,10
1496,-4.8,0.1,81.8,26.55,28.3,0,43,2/6/1994,2
1497,-1.9,-1.7,81.4,27.83,28.59,0,43,6/17/1994,6
1498,-5,-1.3,81.4,28.23,29.24,0,43,5/21/1995,5
1499,-4.2,0.9,73.8,28.66,29.42,0,43,11/16/1993,11
1500,-7,-3.5,81.8,27.59,28.15,0,43,3/26/1998,3
1501,-7.1,-3.4,82,27.34,28.17,0,43,5/1/1992,5
1502,-6.3,-4.1,75.6,27.63,28.22,0,43,12/20/1997,12
1503,-5.8,-4,90.9,27.51,27.87,0,43,5/13/1996,5
1504,-6.3,-2.3,81.2,28.89,29.21,0,43,7/23/1993,7
1505,-2.6,-1.9,75.2,28.58,29.18,0,43,11/20/1997,11
1506,1.4,3.5,73.8,28.95,29.49,0,43,10/16/1994,10
1507,-1.5,-0.9,76.2,27.86,29.61,0,43,7/11/1992,7
1508,-5.7,-1.9,83.8,27.83,28.7,0,43,3/21/1995,3
1509,-4.7,-5.2,82.4,28.18,28.76,0,43,5/21/1992,5
1510,-4.2,3.1,71.7,29.26,30.07,0,43,9/20/1994,9
1511,-3,-2.4,78.2,28.03,28.88,0,43,1/1/1994,1
1512,-0.4,0.6,83.8,27.15,29.29,0,43,7/30/1995,7
1513,2.2,2.1,78.6,28.38,29.07,0,43,9/11/1997,9
1514,-7.9,1.7,77.7,26.63,28.44,0,43,2/2/1993,2
1515,-7.3,-3.9,84,27.27,28.49,0,43,3/2/1993,3
1516,-6.8,2.7,85.4,27.19,27.46,1,43,2/5/1996,2
1517,-4.1,1.7,79.1,27.99,28.78,0,43,7/18/1996,7
1518,-2,4.7,85.4,27.91,28.84,0,43,9/9/1995,9
1519,-7,2.3,84.6,26.99,27.54,1,43,2/2/1996,2
1520,-3.5,4.1,78.5,27.66,29.43,0,43,10/13/1992,10
1521,-6.2,0.6,69.5,29.21,29.49,0,43,11/12/1993,11
1522,-0.7,-0.4,84.5,27.6,28.87,0,43,10/22/1997,10
1523,-6,-1.5,92.9,27.15,27.95,1,43,5/5/1996,5
1524,-4.1,1.7,93.3,26.67,28.46,0,43,12/5/1995,12
1525,-1.9,-0.4,89.8,27.58,28.53,0,43,5/13/1992,5
1526,-9.8,-3.6,86.8,28.37,29.18,0,43,1/4/1995,1
1527,-5.7,-2,81.7,28.35,29.17,0,43,7/27/1993,7
1528,-6,-3,84.8,27.7,28.88,0,43,1/25/1993,1
1529,-5.3,-7.8,76,27.45,28.31,0,43,2/1/1998,2
1530,-5.8,-1.7,84.8,28.23,28.81,0,43,6/15/1993,6
1531,-4.5,0.3,76.8,29.03,30.05,0,43,8/20/1994,8
1532,-1.3,-0.9,77.7,26.19,28.31,0,43,2/5/1993,2
1533,-1,-2.2,81.6,27.53,29.05,0,43,6/28/1993,6
1534,-5.6,-4.8,74.3,27.65,28.38,0,43,1/24/1998,1
1535,-6,0.3,73.2,29.41,29.99,0,43,9/15/1994,9
1536,-5.8,2.6,83.6,28.14,28.85,0,43,6/25/1992,6
1537,0.1,-4.6,79.3,27.27,28.94,0,43,6/22/1992,6
1538,-6,0.3,89.1,26.99,28.37,0,43,4/2/1993,4
1539,-3.6,-1.1,77.7,28.1,29.03,0,43,1/15/1993,1
1540,-3.5,-6.8,80.9,26.23,28.08,0,43,4/22/1992,4
1541,-0.6,0,78.4,28.11,29.38,0,43,7/19/1997,7
1542,-0.4,5.1,88.3,27.41,29.44,0,43,10/10/1993,10
1543,-3.1,-2.4,85.7,27.88,28.78,0,43,5/18/1993,5
1544,-5.2,-6.8,74.7,28.6,29.28,0,43,12/28/1994,12
1545,-3.5,-0.5,79.6,28.52,29.23,0,43,9/30/1997,9
1546,-7.3,-1.3,79.8,27.87,28.25,0,43,5/3/1998,5
1547,-2.3,0.8,80.1,27.82,29.44,0,43,9/2/1992,9
1548,-4,-1.3,87.4,27.43,28.83,0,43,7/4/1996,7
1549,-1.7,-2.5,83.8,27.87,28.96,0,43,7/1/1996,7
1550,-4.4,1.3,88.7,28.34,29.21,0,43,12/28/1992,12
1551,-0.6,-2.7,77.6,27.7,29.05,0,43,9/1/1996,9
1552,-7.1,-3.7,84.8,27.69,28.12,0,43,12/14/1997,12
1553,-6.1,-5.5,77.7,27.62,28.21,0,43,12/24/1997,12
1554,-5.2,2.5,84.6,27.39,28.38,0,43,9/15/1995,9
1555,-1.4,0.2,74,28.76,29.35,0,43,7/13/1994,7
1556,-3.2,3.4,81.3,27.15,28.31,0,43,9/6/1996,9
1557,-4.4,-1.7,80.4,28.79,29.46,0,43,12/25/1994,12
1558,1,1.5,82.3,27.49,28.8,0,43,9/25/1997,9
1559,-3.5,-1.1,77,28.76,29.09,0,43,7/1/1994,7
1560,-6.2,-6.1,69.3,27.71,28.49,0,43,1/17/1998,1
1561,-8.5,-2.9,72.6,27.69,28.04,0,43,2/24/1998,2
1562,-7.6,3.7,85.8,26.91,27.37,1,43,1/13/1996,1
1563,-4.6,-2.8,82.4,27.94,28.68,0,43,5/20/1992,5
1564,-4.9,1.2,83.6,26.99,29.09,0,43,7/27/1995,7
1565,1.5,3,88.5,26.59,29.47,0,43,8/21/1993,8
1566,1.9,-4.4,80.8,25.86,28.83,0,43,11/24/1997,11
1567,3.5,-1.3,80.7,27.88,29.35,0,43,10/19/1997,10
1568,-2.6,5.8,76.7,29.13,29.65,0,43,9/23/1993,9
1569,-4.9,-6.7,82.1,27.99,28.48,0,43,4/21/1993,4
1570,-3.4,-3.2,85,28.31,29.17,0,43,6/14/1995,6
1571,-6.6,1.2,81.8,28.51,29.24,0,43,8/3/1995,8
1572,-5.2,1.5,82.6,28.39,29.19,0,43,8/6/1995,8
1573,-8.4,0.1,89.8,27.91,28.18,0,43,5/12/1998,5
1574,-5.7,-2.2,81.4,28.37,28.71,0,43,3/2/1995,3
1575,-1,1.9,76.3,27.99,28.61,0,43,11/4/1995,11
1576,-3,-0.4,84.2,27.75,28.94,0,43,4/27/1995,4
1577,-4,-4.3,77.7,27.54,28.28,0,43,4/27/1992,4
1578,-2.6,2.2,73.3,29.45,29.86,0,43,8/24/1994,8
1579,-1.5,-1.9,78.3,28.99,29.6,0,43,11/18/1994,11
1580,-6.6,-1.4,92.9,26.63,28.05,1,43,4/2/1996,4
1581,-5.7,-5.3,85.5,27.49,28.39,0,43,4/19/1993,4
1582,-4,-4.6,86.5,27.87,28.82,0,43,1/24/1995,1
1583,-0.6,2.5,68.9,29.14,29.95,0,43,10/17/1994,10
1584,-6.3,0.3,73.5,29.26,29.99,0,43,9/14/1994,9
1585,-6.5,0.3,77.6,28.15,28.46,0,43,1/27/1994,1
1586,-5.3,-3.5,80.5,28.22,28.55,0,43,2/13/1993,2
1587,-4,0,82.6,27.95,29.13,0,43,10/8/1995,10
1588,-5.8,-2.6,86.6,27.63,27.89,0,43,4/8/1996,4
1589,-6.8,-1.4,89.5,27.46,28.8,0,43,1/27/1993,1
1590,-3.1,-0.9,88.2,26.74,29.12,0,43,7/12/1993,7
1591,-3.9,-0.6,95.3,25.55,26.39,1,27,4/14/1996,4
1592,-1.7,-0.7,88.3,27,28.14,0,27,3/18/1992,3
1593,-4.8,0.7,94,25.5,25.43,1,27,2/26/1994,2
1594,-6.8,2.6,80.1,26.85,27.05,1,27,1/18/1992,1
1595,-7.4,0,88.2,24.99,25.01,1,27,1/9/1994,1
1596,-5.7,2.5,87.9,27.32,27.24,1,27,6/4/1992,6
1597,-6.5,0.2,83.2,23.6,23.74,1,27,9/18/1995,9
1598,-7.3,-0.1,91.4,25.77,26.24,1,27,2/17/1994,2
1599,-7.5,2.4,77.8,28.77,29.02,0,27,11/29/1997,11
1600,-6,3.5,76,27.63,27.92,0,27,9/29/1997,9
1601,-6.7,1.1,78.9,26.09,26.2,1,27,11/19/1991,11
1602,1.4,-1.7,81.6,27.81,29.5,0,27,4/26/1998,4
1603,-5.1,0.6,87.4,25.51,25.25,1,27,6/19/1996,6
1604,-2,3.8,75.7,29.05,29.89,0,27,3/19/1998,3
1605,-5.9,3.3,79.7,28.48,28.37,0,27,4/19/1992,4
1606,-6,-2.7,86.4,25.45,26.49,1,27,7/6/1993,7
1607,-5.9,-0.7,94,23.41,23.21,1,27,12/5/1995,12
1608,-7.7,0.6,84.4,25.3,25.42,1,27,12/15/1993,12
1609,-4.9,1,94,24.5,24.33,1,27,1/15/1996,1
1610,-3.3,4.6,79.9,28.01,29.03,0,27,12/22/1997,12
1611,-8.4,-0.2,85.2,24.98,25.57,1,27,7/27/1992,7
1612,-4.8,0.8,84.6,25.92,26.54,1,27,2/18/1993,2
1613,-6.6,0,90.3,24.38,24,1,27,7/28/1996,7
1614,-6.1,-2.2,89,24.13,24.34,1,27,7/25/1994,7
1615,-6.2,-1.8,83.5,24.52,24.69,1,27,1/16/1993,1
1616,-5.4,-1.9,77,26.33,26.63,1,27,12/21/1991,12
1617,-3.7,0.3,90,23.2,23.37,1,27,11/8/1992,11
1618,-5,1.5,82.5,24.68,24.88,1,27,11/16/1992,11
1619,-5.1,1,93.2,25.28,24.87,1,27,2/14/1996,2
1620,-5.8,-0.3,84.6,27.85,28.9,0,27,5/13/1998,5
1621,-6,0.9,79.6,25.43,25.58,1,27,10/18/1994,10
1622,-5.6,0.5,88.3,25.21,24.79,1,27,7/20/1992,7
1623,-6.5,-0.6,86.1,24.61,24.35,1,27,1/20/1996,1
1624,-6.8,0.1,89,25.63,25.42,1,27,6/3/1996,6
1625,-5.9,0.9,72.1,27.59,27.8,0,27,10/1/1997,10
1626,-6.5,2,82,27.71,27.78,0,27,5/18/1997,5
1627,-7.5,0.6,75.6,27.95,28.23,0,27,7/21/1997,7
1628,-5.5,0.9,85.4,24.91,24.85,1,27,10/28/1993,10
1629,-7.3,0.1,88.6,27.23,27.38,1,27,5/5/1996,5
1630,-7.5,3.1,82.8,25.29,25.31,1,27,8/31/1992,8
1631,-6.9,0.5,83.2,27.3,27.39,0,27,5/3/1996,5
1632,-7.1,0.3,88,24.6,24.69,1,27,8/14/1994,8
1633,-7.5,1.4,86.4,25.78,25.64,1,27,1/4/1995,1
1634,-5.1,1,76,27.55,27.89,0,27,10/2/1997,10
1635,-5.4,0.8,79.1,25.19,25.5,1,27,10/31/1994,10
1636,-6.9,-1.5,84.8,24.25,24.4,1,27,9/24/1993,9
1637,-6.2,0.8,87.5,25.07,25.04,1,27,1/6/1994,1
1638,-5,-1.6,89.5,23.78,23.83,1,27,10/12/1992,10
1639,-5.6,0.3,92.8,24.46,24.08,1,27,2/6/1996,2
1640,-1.5,1.5,85.3,27.32,29.15,0,27,1/27/1998,1
1641,-4.7,1.8,91.5,23.37,22.91,1,27,12/11/1995,12
1642,-4.4,4.2,80.9,27.68,27.78,0,27,2/19/1992,2
1643,-5.9,-1.9,83.3,27.55,27.9,0,27,5/17/1993,5
1644,-3.8,0.6,85.7,26.91,27.3,0,27,3/12/1994,3
1645,-5.7,-1.4,81.5,25.08,25.3,1,27,10/25/1994,10
1646,-3,1.8,91.4,25.77,25.83,1,27,3/6/1994,3
1647,-4.9,-1.3,86.4,26.99,27.43,0,27,3/14/1994,3
1648,-7.1,1.8,83.7,25.78,25.62,1,27,1/23/1995,1
1649,-5.1,0.4,84,26.25,26.43,1,27,2/26/1995,2
1650,-6.4,3.1,80.4,27.2,27.45,0,27,6/7/1993,6
1651,-6.7,2,83.2,27.35,27.81,0,27,5/12/1997,5
1652,-6.5,-0.6,90.2,24.13,24.15,1,27,10/20/1996,10
1653,-4,2.9,86.1,26.92,29.14,0,27,12/10/1997,12
1654,-4.8,3.2,74.9,27.57,28.2,0,27,10/12/1997,10
1655,-6,0.1,86.1,26.56,27.04,1,27,5/13/1996,5
1656,-6.1,1.6,83.6,25.86,25.75,1,27,7/5/1996,7
1657,-7.5,-1.3,85.2,25.58,26.21,1,27,7/5/1994,7
1658,-5,0.5,75.8,25.12,25.52,1,27,11/1/1994,11
1659,-4,1.4,73.3,27.55,28.09,0,27,8/7/1997,8
1660,-6.1,2.6,76.1,28.41,29,0,27,12/7/1997,12
1661,-7.1,-0.7,81.5,25.07,25.51,1,27,1/27/1993,1
1662,-1.6,0.5,78.8,28.12,29.73,0,27,5/6/1998,5
1663,-4.9,-0.4,85.2,23.73,23.66,1,27,11/9/1996,11
1664,-4,1.2,84.8,27.03,27.14,0,27,4/16/1997,4
1665,-7.6,-1.3,88.1,24.6,24.78,1,27,7/22/1994,7
1666,-0.1,2.1,82.4,27.97,29.02,0,27,2/7/1998,2
1667,-5.6,-1.1,83.6,28.41,28.89,0,27,2/14/1998,2
1668,-6.5,2,82.4,26.17,26.11,1,27,11/28/1991,11
1669,-5.2,0.6,93.8,25.85,25.82,1,27,2/15/1994,2
1670,-5.8,-1.3,85,28,28.77,0,27,5/14/1998,5
1671,-4.5,1.5,92.2,24.25,24.22,1,27,7/30/1993,7
1672,-3.8,1.6,76.4,27.71,28.06,0,27,10/3/1997,10
1673,-6.7,1.7,83.1,27.98,28.07,0,27,5/12/1993,5
1674,-5.3,-3.3,89,26.37,26.21,1,27,3/24/1996,3
1675,-6.1,1.5,79.3,26.43,27,1,27,6/29/1993,6
1676,-6.2,0,82,26.57,26.54,1,27,12/18/1991,12
1677,-5.7,0.9,84.4,23.52,23.28,1,27,9/17/1995,9
1678,-3.7,-2.8,86.4,27.15,27.74,0,27,5/1/1997,5
1679,-4.2,0.2,94,23.17,22.84,1,27,11/12/1995,11
1680,-5.5,-1.2,89.7,26.67,27,1,27,6/7/1994,6
1681,-4.7,2,86.1,24.11,24.06,1,27,12/26/1995,12
1682,-4,-1.4,84.3,26.47,27.34,0,27,3/13/1993,3
1683,-3.1,1,88.3,24.37,24.48,1,27,9/3/1993,9
1684,-6.1,0.8,83.2,24.9,24.85,1,27,8/27/1992,8
1685,-4.6,-1.1,86,26.91,26.63,1,27,4/13/1997,4
1686,-8.2,-0.4,82.9,24.83,24.79,1,27,10/29/1993,10
1687,-6.2,1.6,90.4,24.95,24.79,1,27,11/30/1993,11
1688,-4.7,-1.5,86.9,24.71,24.99,1,27,11/27/1993,11
1689,-4.1,3.2,94.4,24.61,24.01,1,27,7/30/1996,7
1690,-7.4,-1.5,87.4,25.11,25.41,1,27,7/13/1994,7
1691,-5.5,-0.1,84,28.4,28.53,0,27,4/7/1992,4
1692,-4.7,0.5,95.3,24.22,23.83,1,27,8/17/1996,8
1693,-6,2.5,82.4,27.96,27.86,0,27,5/17/1992,5
1694,-6.4,-1.2,81.1,24.03,24.6,1,27,12/19/1995,12
1695,-6,1,81.2,24.87,24.83,1,27,9/30/1992,9
1696,-8.8,3.6,78,28.15,28.35,0,27,7/7/1997,7
1697,-6.4,1.5,86.1,25.86,25.79,1,27,1/26/1995,1
1698,-5.4,1.2,90.1,25.26,25.25,1,27,2/6/1993,2
1699,-5.3,1.9,76.7,25.54,26.01,1,27,10/9/1993,10
1700,-6.8,0.3,80.2,25.58,26.02,1,27,10/5/1993,10
1701,1.1,-3.5,81.6,28.29,29.56,0,27,4/5/1998,4
1702,-6.4,1.4,81.8,25.35,25.26,1,27,10/28/1994,10
1703,-5.5,0.7,89.8,24.12,23.91,1,27,10/26/1996,10
1704,-4.9,1.1,81.7,25.35,25.45,1,27,10/21/1994,10
1705,-2.3,-0.2,92.4,24.62,24.86,1,27,6/18/1998,6
1706,2.1,-1.4,86.1,26.48,28.78,0,27,2/6/1998,2
1707,-6,1.8,85.5,25.39,25.44,1,27,11/3/1994,11
1708,-6.7,3.3,77.8,28.05,28.39,0,27,10/31/1997,10
1709,-7.3,2.3,81.3,25.98,25.83,1,27,12/18/1994,12
1710,-4.4,0.2,86.1,23.31,23.63,1,27,11/5/1992,11
1711,-6.8,4.2,83.6,27.72,27.85,0,27,2/28/1992,2
1712,2.6,-0.6,87,27.16,29.54,0,27,4/17/1998,4
1713,-6.6,1.2,84.8,24.8,24.99,1,27,9/15/1996,9
1714,-6.5,-1.3,78.9,26.53,26.44,1,27,12/17/1991,12
1715,-2.9,2.4,82,27.96,28.45,0,27,3/24/1992,3
1716,-4.2,0.9,90.2,24.3,24.13,1,27,8/13/1992,8
1717,-6.2,-2,89,26.79,27.11,1,27,3/16/1994,3
1718,-5.1,0.3,82.3,24.84,24.63,1,27,10/2/1994,10
1719,-4.7,-1.9,85.4,25.41,25.8,1,27,6/6/1998,6
1720,-4.7,-2.6,89.8,23.23,23.35,1,27,9/8/1992,9
1721,-4.5,-2.7,95.7,24.28,24.45,1,27,1/30/1994,1
1722,-7,0.1,77.7,25.93,26.11,1,27,11/17/1991,11
1723,-5,1.2,93.2,23.05,22.74,1,27,10/21/1995,10
1724,-2.2,-0.1,87.5,26.85,28.99,0,27,4/1/1992,4
1725,-6.8,-0.1,85.7,24.44,24.65,1,27,8/13/1994,8
1726,-4.2,-0.2,91.7,23.9,23.72,1,27,10/14/1992,10
1727,-4.2,-0.2,88.5,24.21,24.32,1,27,8/31/1993,8
1728,-5,1.4,87,27.18,28.4,0,27,5/16/1998,5
1729,-5.9,-0.9,91.4,23.78,23.69,1,27,11/12/1996,11
1730,-6,-1.2,83.5,24.87,25.54,1,27,12/29/1992,12
1731,-6.5,0.8,77.8,27.93,28.32,0,27,10/16/1997,10
1732,-4.8,-0.7,89.1,27.28,28.85,0,27,2/15/1998,2
1733,-1.4,0.9,84.1,27.77,29.81,0,27,3/12/1998,3
1734,0.1,1.9,84.9,27.36,29.33,0,27,2/8/1998,2
1735,-5.3,0.8,93.2,22.98,22.83,1,27,11/10/1995,11
1736,-5.6,1.3,88.2,23.68,23.29,1,27,10/26/1995,10
1737,-5.2,3,77.4,28.25,29.08,0,27,12/8/1997,12
1738,-5.5,-0.6,83.2,25.71,25.79,1,27,7/4/1996,7
1739,-8.4,1.5,82,28.53,28.9,0,27,1/1/1998,1
1740,-6,2.9,85.2,27.4,27.23,1,27,6/3/1992,6
1741,-5.4,-0.7,84.8,24.48,24.59,1,27,9/11/1993,9
1742,-7.3,-0.1,82.3,25.14,25.61,1,27,1/28/1993,1
1743,-2.5,2.2,83.8,27.59,28.36,0,27,4/9/1993,4
1744,-6.1,3.4,74.8,27.91,28.27,0,27,6/26/1997,6
1745,-4.2,0,88.7,24.02,24.15,1,27,8/25/1993,8
1746,-7.4,-0.1,84.8,24.83,24.95,1,27,9/18/1993,9
1747,-4.6,0,85.3,24.52,24.83,1,27,1/14/1993,1
1748,-4.5,0.9,89.4,25.78,25.43,1,27,6/23/1996,6
1749,-3,-1.1,83.3,26.93,27.46,0,27,3/25/1993,3
1750,-4,-1.2,87.4,25.65,26.11,1,27,2/26/1993,2
1751,-2.4,-1.2,82.1,26.78,27.48,0,27,3/28/1993,3
1752,-7.3,1.5,81.8,27.59,27.59,0,27,6/3/1993,6
1753,-2.5,-0.1,96.1,26.17,26.02,1,27,4/5/1996,4
1754,-3.9,0.2,81.8,27.36,27.84,0,27,4/4/1993,4
1755,-4.8,-3,85.2,27.48,28.12,0,27,4/12/1993,4
1756,-1.2,-0.9,85.6,27.01,27.95,0,27,4/8/1993,4
1757,-5.4,1.3,78.4,27.47,27.6,0,27,9/17/1997,9
1758,-5.9,2.1,77.6,27.35,27.55,0,27,9/16/1997,9
1759,-2.3,0.2,81.1,27.16,28.54,0,27,11/14/1997,11
1760,-5,-1.2,90.2,23.7,23.63,1,27,11/14/1996,11
1761,-7,0.3,77.7,26.73,26.75,1,27,12/24/1991,12
1762,-4.6,-1.6,94,24.65,24.47,1,27,3/3/1996,3
1763,-6,2.6,83.8,26.74,27.21,1,27,6/12/1993,6
1764,-5.9,0.7,86.6,28.17,29.22,0,27,1/30/1998,1
1765,-5.3,-0.4,90.6,23.86,23.74,1,27,9/19/1996,9
1766,-6.5,0.9,81.1,25.43,25.52,1,27,11/18/1994,11
1767,-4.7,2,75.6,27.55,27.83,0,27,6/2/1997,6
1768,-6.3,3.2,84.8,27.31,27.89,0,27,8/16/1997,8
1769,-8.6,3.2,78.8,27.91,28.32,0,27,7/10/1997,7
1770,-7.4,2.2,82.4,23.8,23.93,1,27,9/20/1995,9
1771,-4.8,-0.4,89.8,26.29,27.32,1,27,5/31/1992,5
1772,-4.7,-0.3,88.2,25.14,25.71,1,27,2/10/1993,2
1773,-6.4,-2.8,82.5,26.71,27.13,1,27,5/28/1998,5
1774,-3.6,-2.6,91.9,25,25.1,1,27,5/29/1996,5
1775,-6.3,-2,86.1,23.82,24.24,1,27,8/27/1993,8
1776,-7.5,1.4,76.8,25.39,25.59,1,27,10/11/1994,10
1777,2.1,-0.1,89.9,27.24,28.98,0,27,2/2/1998,2
1778,-4.1,0.1,91,26.33,27.7,1,27,3/10/1992,3
1779,-6.6,1.7,83.3,24.95,24.92,1,27,12/25/1992,12
1780,-6.5,0.8,81.3,26.25,25.93,1,27,6/26/1992,6
1781,-8.9,2.6,87.3,24.87,25.09,1,27,8/24/1994,8
1782,-7.8,1.2,81.5,27.38,27.48,0,27,5/8/1996,5
1783,-7.1,1.8,78.8,25.81,26.09,1,27,10/13/1993,10
1784,-6.8,-0.6,90.3,27.03,26.84,1,27,4/25/1996,4
1785,0.1,2.1,85.2,27.68,28.33,0,27,4/10/1992,4
1786,-6.6,-1.4,90.7,25.78,26.03,1,27,2/22/1996,2
1787,-5.9,2,86.6,27.75,28.15,0,27,4/26/1993,4
1788,-8.6,-0.5,84,24.69,24.75,1,27,1/4/1996,1
1789,-4.5,1.1,83.2,24.33,24.6,1,27,12/15/1992,12
1790,-7.3,1.8,80.8,27.91,27.77,0,27,5/26/1997,5
1791,-2.6,-1.5,80.9,27.36,28.73,0,71,11/10/1997,11
1792,2.1,3.7,81.6,27.48,28.64,0,71,7/14/1992,7
1793,-5.3,-0.8,78.1,27.83,28.79,0,71,10/12/1992,10
1794,-2.1,-0.3,76.6,27.32,28.53,0,71,7/24/1992,7
1795,-0.1,-0.4,90.7,25.74,28.38,0,71,10/31/1994,10
1796,-3.1,-0.4,87.3,28.14,28.33,0,71,10/26/1997,10
1797,-1.9,-5.1,86,27.05,28.11,0,71,7/6/1997,7
1798,-5.1,-5.1,88.3,27.32,27.66,0,71,5/15/1992,5
1799,-5.5,-4.8,86.1,27.97,28.32,0,71,11/16/1994,11
1800,-5.7,-0.3,91.1,26.78,28.23,1,71,12/1/1997,12
1801,-1.9,6.1,77.7,27.28,28.34,0,71,9/24/1992,9
1802,-3.6,2.5,80.9,27.28,28.33,0,71,8/15/1992,8
1803,-6.4,-5.7,82.6,27.75,28.24,0,71,6/5/1998,6
1804,-0.8,-3.1,82,27.77,28.19,0,71,6/19/1994,6
1805,-5.8,-4.8,82.4,25.5,26.31,1,71,3/23/1997,3
1806,-5.7,-6.4,79.3,26.15,27.17,1,71,3/24/1993,3
1807,-0.6,-2.1,84.8,26.44,27.67,0,71,5/22/1994,5
1808,-3,-4.9,84.4,26.93,27.98,0,71,6/6/1992,6
1809,-4.2,-5.5,83.9,28.06,28.7,0,71,10/8/1997,10
1810,-1.4,-1,86.7,27.32,28.75,0,71,6/16/1991,6
1811,-5.5,-6.5,90.2,26.44,26.15,1,71,2/15/1995,2
1812,2.2,-0.3,77.2,27.57,28.44,0,71,10/25/1994,10
1813,1.3,0.7,84.6,26.56,28.57,0,71,11/2/1994,11
1814,-2.3,0.1,83.6,27.56,28.98,0,71,8/10/1991,8
1815,-4,-3.7,79.8,26.48,27.21,0,71,3/12/1994,3
1816,2.8,-2.6,92.6,25.93,28.17,0,71,10/2/1991,10
1817,-3.6,4.2,80.1,27.25,28.05,0,71,8/10/1996,8
1818,-3.9,-2.4,83.5,27.9,28.4,0,71,11/10/1993,11
1819,1.3,-1.2,81.6,28.04,28.44,0,71,6/18/1991,6
1820,-7.6,-5.3,88.6,25.46,26.47,1,71,3/1/1997,3
1821,-6.7,-6.6,82.4,26.83,27.15,1,71,5/7/1993,5
1822,-5.6,-5.5,77.6,28.17,28.41,0,71,7/12/1993,7
1823,-6.4,-4.4,96.1,26.05,27.9,1,71,12/6/1994,12
1824,-1.2,-2.2,79.3,27.64,28.68,0,71,7/11/1992,7
1825,-0.8,-1.6,89.7,26.12,28.61,0,71,10/15/1993,10
1826,0.3,-1.6,76.6,26.82,27.92,0,71,6/30/1996,6
1827,0.9,-1.6,85.9,27.68,27.25,0,71,12/19/1991,12
1828,-6,-5.8,75,25.45,26.61,1,71,3/7/1998,3
1829,-8.1,-6.2,90.4,27.11,27.82,1,71,12/16/1994,12
1830,-6.4,-6.6,86,25.65,26.53,1,71,4/19/1997,4
1831,-5.6,-4.3,88.1,26.7,26.78,1,71,5/18/1997,5
1832,-5.2,-5.3,90.2,26.03,27.13,1,71,4/15/1993,4
1833,-7.1,-3.2,85.9,26.93,27.51,1,71,3/10/1993,3
1834,-7.5,-3.6,82.5,27.62,27.39,0,71,3/24/1994,3
1835,-5.8,-5.4,84.7,25.57,26.22,1,71,4/23/1997,4
1836,-6.2,-1.5,84.4,26.27,27.18,1,71,1/11/1993,1
1837,-6.8,-3.9,91.1,27.05,27.42,1,71,5/27/1997,5
1838,-5.6,-3,82.8,25.54,26.31,1,71,3/17/1997,3
1839,-6.1,-1.9,83,27.67,28.05,0,71,12/12/1997,12
1840,-7.6,-2.9,90.5,26.37,26.75,1,71,3/1/1995,3
1841,-5.2,-4,91.3,25.31,26.6,1,71,2/22/1995,2
1842,-0.6,0.6,81.8,27.35,28.64,0,71,10/5/1993,10
1843,-7.5,-3.7,92.1,25.46,25.17,1,71,1/26/1997,1
1844,-0.7,1.9,96.3,24.29,27.61,1,71,10/4/1996,10
1845,1.1,-3,90.2,26.45,27.84,0,71,9/30/1991,9
1846,4.9,-0.9,81.3,27.35,28.27,0,71,9/12/1993,9
1847,-1,2.6,88.1,27.54,28,0,71,6/8/1994,6
1848,-1.4,1.4,83.4,26.56,28.37,0,71,11/16/1993,11
1849,-6.9,-5.3,91.1,27.15,28.08,0,71,12/1/1994,12
1850,-7.4,-0.6,90.5,26.28,27.43,1,71,1/25/1994,1
1851,-2,0.1,89,26.36,27.6,0,71,6/18/1996,6
1852,2,6.2,73.7,28.09,28.38,0,71,10/30/1993,10
1853,-6.2,-7.6,86.3,25.3,26.28,1,71,3/8/1997,3
1854,-6.7,-0.8,83.2,27.21,28.21,0,71,7/30/1992,7
1855,-8.1,-6.8,89.6,26.56,27.2,1,71,1/4/1995,1
1856,1.4,-0.2,77.3,26.85,28.58,0,71,8/6/1992,8
1857,-5.6,-0.6,83.7,27.93,28.69,0,71,6/25/1994,6
1858,-0.7,-7.2,87.5,27.21,27.23,0,71,6/1/1991,6
1859,-1.4,-1.8,85.9,26.85,28.45,0,71,10/25/1991,10
1860,-4.9,-3.2,86,27.75,28.16,0,71,7/18/1997,7
1861,-3.6,-5.1,86.8,26.99,27.7,0,71,5/27/1994,5
1862,-4.9,-2.3,76.2,27.36,28.03,0,71,6/14/1998,6
1863,-4.8,1.5,75.2,27.9,28.05,0,71,12/20/1993,12
1864,-5.6,-5.9,82,27.09,28.19,0,71,11/30/1992,11
1865,-4.9,-5.2,83.6,27.01,28.06,0,71,5/28/1992,5
1866,-8.9,-3.6,84.4,26.75,26.76,1,71,12/13/1996,12
1867,-6.9,-6.3,81.8,27.05,27.66,0,71,5/12/1998,5
1868,3,-0.3,89.4,26.43,28.25,0,71,7/11/1997,7
1869,-5.2,-4.6,83.2,26.91,27.68,0,71,1/6/1994,1
1870,0.9,1.5,81.5,26.95,28.68,0,71,10/10/1993,10
1871,-7.6,-6.9,86.7,25.61,26.39,1,71,2/17/1997,2
1872,1.9,3.4,74.5,27.94,28.4,0,71,10/31/1993,10
1873,-1.7,2.6,81.3,27.53,28.5,0,71,8/21/1996,8
1874,-2.6,0.5,88.5,27.03,27.61,0,71,5/18/1994,5
1875,-4,0.2,90.5,25.57,27.62,1,71,11/11/1996,11
1876,-6.6,-6.5,78.4,25.88,26.94,1,71,4/7/1998,4
1877,3.8,-0.2,83,27.98,29.02,0,71,9/14/1997,9
1878,-3.4,-3.6,83.2,27.49,28.11,0,71,8/8/1996,8
1879,-1,0.6,84.5,26.6,28.96,0,71,9/22/1993,9
1880,-2,4.9,90.2,27.17,28.13,0,71,11/20/1991,11
1881,-0.9,-5.9,80.1,27.52,28.77,0,71,9/25/1997,9
1882,-4.7,-3.2,89.5,27.35,27.9,0,71,6/14/1993,6
1883,-7,-3.4,85.1,27.46,27.47,0,71,1/30/1994,1
1884,-2.3,-0.9,83.6,26.74,27.87,0,71,6/30/1992,6
1885,-6.5,-3.3,87.3,27.03,27.36,1,71,3/21/1994,3
1886,-1.2,-1,79.3,27.07,28.51,0,71,7/16/1993,7
1887,2.6,-2.3,84.8,26.07,28.26,0,71,11/20/1992,11
1888,-6.9,-7.9,92.1,24.91,26.42,1,71,2/13/1997,2
1889,-4.6,-1.3,79.8,28.12,28.59,0,71,6/30/1994,6
1890,-7.2,-5.8,83.6,25.26,25.78,1,71,1/31/1997,1
1891,-1.3,1.8,89.1,25.92,28.02,0,71,10/23/1995,10
1892,0.3,4.5,81.9,27.49,28.34,0,71,9/15/1995,9
1893,-5.5,-4.8,82.8,26.13,26.55,1,71,2/3/1995,2
1894,-5.7,-5.1,90.3,26.62,27.85,1,71,6/18/1997,6
1895,-8.9,-4.7,88.2,25.77,26.33,1,71,3/12/1997,3
1896,-3.5,-6.5,75.1,26.72,27.44,0,71,3/18/1995,3
1897,-5.9,0.4,82.6,27.62,28.2,0,71,7/5/1993,7
1898,-2.2,-1,74.8,28.25,28.64,0,71,9/27/1993,9
1899,-5.9,-5,84.3,27.32,27.87,0,71,6/19/1997,6
1900,-2.7,-5,88.7,26.58,27.93,0,71,6/28/1992,6
1901,-8.6,-6,86.3,27.54,28.47,0,71,11/17/1994,11
1902,4.3,-3.6,90.6,26.81,28.11,0,71,10/4/1991,10
1903,-5.3,0.5,91.5,26.68,27.35,1,71,3/9/1995,3
1904,-5.6,-8.2,82.8,26.83,27.35,0,71,4/28/1993,4
1905,1.8,3.3,89.5,26.03,27.46,0,71,1/3/1993,1
1906,-2.5,-0.3,91.8,26.41,27.35,1,71,12/17/1991,12
1907,-3.2,-1.7,88.8,25.22,27.09,1,71,2/6/1994,2
1908,-3.7,-0.8,89.8,26.37,27.91,1,71,6/16/1994,6
1909,-5.3,0.8,92.9,25.96,27.19,1,71,12/30/1996,12
1910,1.6,1.5,89.8,27.24,28.69,0,71,8/25/1997,8
1911,3.7,0.3,90.5,25.96,28.3,0,71,8/5/1996,8
1912,2,6.2,78,28.02,28.48,0,71,9/1/1993,9
1913,-6.4,-5.9,88.2,25.38,25.78,1,71,1/30/1997,1
1914,-7.1,-3.3,88.2,25.89,26.9,1,71,12/7/1996,12
1915,-1,3.3,89.1,25.88,28.08,0,71,7/19/1992,7
1916,-3.4,-0.1,90.6,25.14,27.24,1,71,1/9/1993,1
1917,0.1,0.9,91.4,26.29,28.43,0,71,11/14/1991,11
1918,-5.2,-5.5,85.9,27.38,27.52,0,71,4/28/1994,4
1919,-2.3,-2.2,84.3,27.98,29.13,0,71,8/11/1997,8
1920,-6.1,-6,82.8,26.11,27.03,1,71,1/15/1993,1
1921,-2.9,-4.9,83.5,27.79,28.78,0,71,10/14/1997,10
1922,-1.2,0.2,92.5,25.11,27.94,1,71,9/17/1996,9
1923,1.4,1.8,82,27.88,28.73,0,71,8/28/1991,8
1924,-7.2,-5.2,88.7,25.68,27.41,1,71,12/22/1992,12
1925,-5.4,-1.6,87.1,26.54,27.45,1,71,1/1/1993,1
1926,2.8,-0.4,88.7,26.15,28.44,0,71,9/30/1995,9
1927,2.2,-6,87.1,26.93,27.84,0,71,6/6/1991,6
1928,-1.8,-0.9,86.3,26.85,28.62,0,71,7/2/1991,7
1929,-1.4,-1,84,27.32,28.75,0,71,8/1/1991,8
1930,5.8,-3.8,88.7,27.13,27.96,0,71,9/19/1991,9
1931,2.8,0.9,85.5,27.44,28.82,0,71,8/17/1991,8
1932,-8,-2.6,87.3,26.08,26.06,1,71,1/6/1998,1
1933,-2.7,3.4,86.7,27.4,27.64,0,71,12/7/1991,12
1934,-6.3,-6.5,91.4,25.8,27.14,1,71,4/12/1993,4
1935,-0.5,0.1,82,27.64,28.69,0,71,10/26/1991,10
1936,-8,-4,86.3,26.47,26.81,1,71,12/10/1996,12
1937,-6.3,-5.2,81.8,26.97,27.49,0,71,6/10/1997,6
1938,-4.1,0.1,80.9,27.19,27.93,0,71,12/19/1993,12
1939,-5.9,-7.9,84.1,26.21,26.76,1,71,1/16/1995,1
1940,-1.4,0.2,86,27.44,28.42,0,71,8/5/1997,8
1941,-6.1,-4.6,82,27.13,27.35,0,71,6/16/1992,6
1942,0.1,-1.4,91.7,25.65,28.1,0,71,7/3/1996,7
1943,1.2,3.8,85.2,26.23,28.49,0,71,11/4/1992,11
1944,-0.9,3.9,80.1,27.41,28.1,0,71,9/2/1996,9
1945,-3.6,0.3,79.3,27.64,28.73,0,71,8/17/1992,8
1946,-7.2,-6.6,82.8,26.31,27.31,1,71,3/22/1993,3
1947,-0.7,-4.3,80.9,27.68,28.26,0,71,8/4/1996,8
1948,-4.5,-2.2,85.9,26.31,27.23,1,71,1/14/1993,1
1949,-5.6,-7.1,76.2,25.76,26.76,1,71,3/31/1998,3
1950,-0.8,0.1,91.1,25.76,28.16,0,71,10/29/1995,10
1951,-1.1,2.5,88.6,26.62,28.02,0,71,7/27/1997,7
1952,-4.7,-0.1,86.7,27.52,28.51,0,71,6/19/1991,6
1953,-5.9,-3.3,82.9,27.7,27.89,0,71,12/28/1993,12
1954,-5.6,1.6,84.5,25.89,26.96,1,71,2/7/1994,2
1955,-6.7,-4.7,81.3,27.75,28.19,0,71,6/4/1998,6
1956,0.1,-4.6,81.8,28.1,28.99,0,71,9/15/1997,9
1957,-1,1.1,80.1,27.21,28.72,0,71,9/29/1992,9
1958,-6.2,-3.9,87.9,26.95,27.95,0,71,6/15/1993,6
1959,-4.4,-3.4,85.9,25.86,26.54,1,71,2/7/1995,2
1960,-1.6,-0.2,77.7,27.17,27.9,0,71,6/23/1992,6
1961,2.9,-2.2,90.6,25.93,28.5,0,71,10/14/1991,10
1962,-6.7,-5.1,88.3,26.19,26.7,1,71,1/18/1993,1
1963,-3,0,91.7,26.36,27.86,1,71,6/14/1996,6
1964,-7.7,-4.9,78.4,25.69,26.71,1,71,2/18/1998,2
1965,-2.7,-6.4,77.3,26.81,27.22,0,71,5/22/1991,5
1966,-4.6,-4.2,82.2,27.87,28.57,0,71,11/13/1997,11
1967,-1.4,2.5,81.7,27.78,28.67,0,71,7/31/1993,7
1968,-8.6,-3.9,86.3,26.04,27.03,1,71,12/5/1996,12
1969,-4.2,-2.5,76.2,26.4,27.5,0,71,3/19/1995,3
1970,-0.7,5.3,89.8,26.36,28.44,0,71,10/20/1996,10
1971,-6.7,-8.6,76.3,27.66,27.52,0,71,4/23/1994,4
1972,-8.3,-6,81.3,25.81,26.28,1,71,2/7/1997,2
1973,-2.4,4.8,78.4,28.02,28.49,0,71,11/18/1993,11
1974,-5.9,-3.6,91.5,27.01,28.66,0,71,10/30/1997,10
1975,-7.9,-5.9,80.1,25.84,26.96,1,71,2/25/1998,2
1976,-7.1,-6.1,82.8,27.74,27.91,0,71,6/4/1993,6
1977,-5.7,-7.3,79.6,25.69,26.92,1,71,4/5/1998,4
1978,4.2,3.4,88.5,26.56,28.43,0,71,10/21/1994,10
1979,-7.3,-5.4,82.5,27.03,27.3,1,71,2/27/1994,2
1980,0.2,-5.3,78.5,26.69,27.26,0,71,5/20/1991,5
1981,-6.6,-5.3,84.3,25.38,25.43,1,71,1/23/1998,1
1982,-7.8,-5.1,78.4,25.53,25.5,1,71,1/19/1998,1
1983,-3.8,-0.7,89.7,26.4,28.05,0,71,11/23/1994,11
1984,-6.1,-7.1,91.4,26.01,26.85,1,71,1/25/1995,1
1985,-4.8,-4.2,88.1,26.42,27.57,1,71,12/27/1992,12
1986,-3.6,-6.1,81.6,27.38,27.95,0,71,12/23/1993,12
1987,-4.1,0.3,83.8,26.91,27.56,0,71,3/21/1995,3
1988,1.6,2.7,92.1,25.93,28.18,0,71,8/25/1996,8
1989,-5.9,-2.2,83.2,27.52,28.57,0,71,10/23/1992,10
1990,-4.5,-4.8,80.3,27.17,27.91,0,71,6/9/1992,6
